name,bus,pgini_mw,qgini_mvar,sgn_mva,q_min_attr,q_min_mvar_pf,q_max_attr,q_max_mvar_pf,control_attr,control_value,usetp_pu,p_result_mw,q_result_mvar,outserv,desc
gen_AT0_0_0_onwind,AT0_0,320.734130859375,0.0,2915.60009765625,q_min,-592.037841796875,q_max,592.037841796875,av_mode,constq,1.0,320.734130859375,0.0,0.0,[]
gen_AT0_0_0_solar,AT0_0,-0.0,0.0,912.7766723632812,q_min,-185.34719848632812,q_max,185.34719848632812,av_mode,constq,1.0,0.0,0.0,0.0,[]
gen_AT0_0_0_solar-hsat,AT0_0,-0.0,0.0,1.0,q_min,-0.007661980111151934,q_max,0.007661980111151934,av_mode,constq,1.0,0.0,0.0,0.0,[]
gen_AT0_0_CCGT,AT0_0,0.006721520330756903,0.0,4596.0,q_min,-933.2576293945312,q_max,933.2576293945312,av_mode,constq,1.0,0.006721520330756903,0.0,0.0,[]
gen_AT0_0_biomass,AT0_0,131.97584533691406,0.0,132.0,q_min,-26.803743362426758,q_max,26.803743362426758,av_mode,constq,1.0,131.97584533691406,0.0,0.0,[]
gen_AT0_0_oil,AT0_0,0.0017128913896158338,0.0,170.0,q_min,-34.51997375488281,q_max,34.51997375488281,av_mode,constq,1.0,0.0017128913896158338,0.0,0.0,[]
gen_AT0_0_ror,AT0_0,956.2802734375,0.0,2395.180419921875,q_min,-486.36212158203125,q_max,486.36212158203125,av_mode,constq,1.0,956.2802734375,0.0,0.0,[]
gen_AT0_0_waste,AT0_0,0.02202618308365345,0.0,123.0,q_min,-24.976215362548828,q_max,24.976215362548828,av_mode,constq,1.0,0.02202618308365345,0.0,0.0,[]
gen_BE0_0_0_onwind,BE0_0,257.6883544921875,0.0,797.56005859375,q_min,-161.95147705078125,q_max,161.95147705078125,av_mode,constq,1.0,257.68835449218756,-3.552713678800501e-15,0.0,[]
gen_BE0_0_0_solar,BE0_0,-0.0,0.0,191.50035095214844,q_min,-38.88580322265625,q_max,38.88580322265625,av_mode,constq,1.0,0.0,0.0,0.0,[]
gen_BE0_0_0_solar-hsat,BE0_0,-0.0,0.0,1.0,q_min,-0.007170944474637508,q_max,0.007170944474637508,av_mode,constq,1.0,0.0,0.0,0.0,[]
gen_BE0_0_CCGT,BE0_0,0.006525358650833368,0.0,2858.0,q_min,-580.3416748046875,q_max,580.3416748046875,av_mode,constv,1.0,0.006525539783979184,3414.1785216189264,0.0,[]
gen_BE0_0_biomass,BE0_0,67.97464752197266,0.0,68.0,q_min,-13.807989120483398,q_max,13.807989120483398,av_mode,constq,1.0,67.97464752197264,8.881784197001252e-16,0.0,[]
gen_BE0_0_nuclear,BE0_0,0.5131258368492126,0.0,2098.0,q_min,-426.0170593261719,q_max,426.0170593261719,av_mode,constq,1.0,0.5131258368492126,6.938893903907228e-18,0.0,[]
gen_BE0_0_oil,BE0_0,0.0016920482739806175,0.0,18.600000381469727,q_min,-3.776890993118286,q_max,3.776890993118286,av_mode,constq,1.0,0.0016920482739806175,0.0,0.0,[]
gen_BE0_0_ror,BE0_0,29.329296112060547,0.0,58.47447967529297,q_min,-11.873749732971191,q_max,11.873749732971191,av_mode,constq,1.0,29.32929611206055,-4.440892098500626e-16,0.0,[]
gen_BE0_0_waste,BE0_0,0.020814666524529457,0.0,62.0,q_min,-12.58963680267334,q_max,12.58963680267334,av_mode,constq,1.0,0.02081466652452946,0.0,0.0,[]
gen_BE0_1_0_offwind-ac,BE0_1,2437.06640625,0.0,2752.199951171875,q_min,-558.8580322265625,q_max,558.8580322265625,av_mode,constq,1.0,2437.06640625,5.684341886080802e-14,0.0,[]
gen_BE0_1_0_offwind-dc,BE0_1,766.8363647460938,0.0,866.0,q_min,-175.8488006591797,q_max,175.8488006591797,av_mode,constq,1.0,766.8363647460938,0.0,0.0,[]
gen_BE0_1_0_offwind-float,BE0_1,0.004049747716635466,0.0,1.0,q_min,-0.0015774413477629423,q_max,0.0015774413477629423,av_mode,constq,1.0,0.0040497477166354665,1.0842021724855044e-19,0.0,[]
gen_BE0_1_0_onwind,BE0_1,541.427978515625,0.0,956.0000610351562,q_min,-194.1240997314453,q_max,194.1240997314453,av_mode,constq,1.0,541.427978515625,1.4210854715202004e-14,0.0,[]
gen_BE0_1_0_solar,BE0_1,-0.0,0.0,779.3001708984375,q_min,-158.24365234375,q_max,158.24365234375,av_mode,constq,1.0,0.0,0.0,0.0,[]
gen_BE0_1_0_solar-hsat,BE0_1,-0.0,0.0,1.0,q_min,-0.00734882103279233,q_max,0.00734882103279233,av_mode,constq,1.0,0.0,0.0,0.0,[]
gen_BE0_1_CCGT,BE0_1,0.006601828150451183,0.0,3776.199951171875,q_min,-766.7901000976562,q_max,766.7901000976562,av_mode,constv,1.0,0.0066019972369986135,5516.738753133204,0.0,[]
gen_BE0_1_biomass,BE0_1,44.97589111328125,0.0,45.0,q_min,-9.137639999389648,q_max,9.137639999389648,av_mode,constq,1.0,44.97589111328126,0.0,0.0,[]
gen_BE0_1_nuclear,BE0_1,218.54989624023438,0.0,1998.0,q_min,-405.7112121582031,q_max,405.7112121582031,av_mode,constq,1.0,218.5498962402344,3.552713678800501e-15,0.0,[]
gen_BE0_1_oil,BE0_1,0.0017090212786570191,0.0,111.5999984741211,q_min,-22.661346435546875,q_max,22.661346435546875,av_mode,constq,1.0,0.0017090212786570191,-5.421010862427522e-20,0.0,[]
gen_BE0_1_waste,BE0_1,0.02182513289153576,0.0,231.8000030517578,q_min,-47.06899642944336,q_max,47.06899642944336,av_mode,constq,1.0,0.02182513289153576,0.0,0.0,[]
gen_CH0_0_0_onwind,CH0_0,-0.0,0.0,55.00009536743164,q_min,-11.168246269226074,q_max,11.168246269226074,av_mode,constq,1.0,0.0,0.0,0.0,[]
gen_CH0_0_0_solar,CH0_0,-0.0,0.0,98.79813385009766,q_min,-20.06181526184082,q_max,20.06181526184082,av_mode,constq,1.0,0.0,0.0,0.0,[]
gen_CH0_0_0_solar-hsat,CH0_0,-0.0,0.0,1.0,q_min,-0.008708419278264046,q_max,0.008708419278264046,av_mode,constq,1.0,0.0,0.0,0.0,[]
gen_CH0_0_CCGT,CH0_0,0.00656907306984067,0.0,55.00015640258789,q_min,-11.168258666992188,q_max,11.168258666992188,av_mode,constq,1.0,0.00656907306984067,4.336808689942018e-19,0.0,[]
gen_CH0_0_biomass,CH0_0,58.97590637207031,0.0,59.0,q_min,-11.980461120605469,q_max,11.980461120605469,av_mode,constq,1.0,58.97590637207031,0.0,0.0,[]
gen_CH0_0_nuclear,CH0_0,60.96945571899414,0.0,3095.0,q_min,-628.466552734375,q_max,628.466552734375,av_mode,constv,1.0,60.96945603225254,2716.0474853727937,0.0,[]
gen_CH0_0_ror,CH0_0,846.0845947265625,0.0,3892.22607421875,q_min,-790.3502197265625,q_max,790.3502197265625,av_mode,constq,1.0,846.0845947265625,-5.684341886080802e-14,0.0,[]
gen_CH0_0_waste,CH0_0,0.021942362189292908,0.0,181.5,q_min,-36.85514831542969,q_max,36.85514831542969,av_mode,constq,1.0,0.021942362189292908,0.0,0.0,[]
gen_CZ0_0_0_onwind,CZ0_0,36.709739685058594,0.0,155.26014709472656,q_min,-31.526918411254883,q_max,31.526918411254883,av_mode,constq,1.0,36.70973968505859,0.0,0.0,[]
gen_CZ0_0_0_solar,CZ0_0,-0.0,0.0,2950.905029296875,q_min,-599.2068481445312,q_max,599.2068481445312,av_mode,constq,1.0,0.0,0.0,0.0,[]
gen_CZ0_0_0_solar-hsat,CZ0_0,-0.0,0.0,1.0,q_min,-0.0066056158393621445,q_max,0.0066056158393621445,av_mode,constq,1.0,0.0,0.0,0.0,[]
gen_CZ0_0_CCGT,CZ0_0,0.006622958928346634,0.0,2159.0,q_min,-438.4036560058594,q_max,438.4036560058594,av_mode,constq,1.0,0.006622958928346633,0.0,0.0,[]
gen_CZ0_0_biomass,CZ0_0,109.97576141357422,0.0,110.0,q_min,-22.33645248413086,q_max,22.33645248413086,av_mode,constq,1.0,109.9757614135742,7.105427357601002e-15,0.0,[]
gen_CZ0_0_coal,CZ0_0,439.857177734375,0.0,440.0,q_min,-89.34580993652344,q_max,89.34580993652344,av_mode,constq,1.0,439.8571777343749,1.4210854715202004e-14,0.0,[]
gen_CZ0_0_lignite,CZ0_0,0.21021638810634613,0.0,6869.60009765625,q_min,-1394.9317626953125,q_max,1394.9317626953125,av_mode,constv,1.0,0.2102162451400318,2825.990078004437,0.0,[]
gen_CZ0_0_nuclear,CZ0_0,72.16045379638672,0.0,4164.0,q_min,-845.5362548828125,q_max,845.5362548828125,av_mode,constq,1.0,72.16045379638672,0.0,0.0,[]
gen_CZ0_0_ror,CZ0_0,7.250129222869873,0.0,40.226383209228516,q_min,-8.168314933776855,q_max,8.168314933776855,av_mode,constq,1.0,7.250129222869873,0.0,0.0,[]
gen_CZ0_0_waste,CZ0_0,0.021456243470311165,0.0,30.200000762939453,q_min,-6.132371425628662,q_max,6.132371425628662,av_mode,constq,1.0,0.02145624347031116,0.0,0.0,[]
gen_DE0_0_0_onwind,DE0_0,182.86419677734375,0.0,1304.540283203125,q_min,-264.8982238769531,q_max,264.8982238769531,av_mode,constq,1.0,182.86419677734372,-3.552713678800501e-15,0.0,[]
gen_DE0_0_0_solar,DE0_0,-0.0,0.0,22584.2578125,q_min,-4585.92919921875,q_max,4585.92919921875,av_mode,constq,1.0,0.0,0.0,0.0,[]
gen_DE0_0_0_solar-hsat,DE0_0,-0.0,0.0,1.0,q_min,-0.041345611214637756,q_max,0.041345611214637756,av_mode,constq,1.0,0.0,0.0,0.0,[]
gen_DE0_0_CCGT,DE0_0,0.004799892194569111,0.0,929.8582153320312,q_min,-188.81576538085938,q_max,188.81576538085938,av_mode,constq,1.0,0.004799892194569112,2.168404344971009e-19,0.0,[]
gen_DE0_0_OCGT,DE0_0,0.003613612148910761,0.0,553.0660400390625,q_min,-112.30484771728516,q_max,112.30484771728516,av_mode,constq,1.0,0.003613612148910761,0.0,0.0,[]
gen_DE0_0_biomass,DE0_0,99.2959976196289,0.0,99.33599853515625,q_min,-20.171035766601562,q_max,20.171035766601562,av_mode,constq,1.0,99.2959976196289,0.0,0.0,[]
gen_DE0_0_coal,DE0_0,5919.8671875,0.0,5920.0,q_min,-1202.1072998046875,q_max,1202.1072998046875,av_mode,constv,1.0,5919.867209940239,1273.6013539287223,0.0,[]
gen_DE0_0_geothermal,DE0_0,7.793150901794434,0.0,7.800000190734863,q_min,-1.583857536315918,q_max,1.583857536315918,av_mode,constq,1.0,7.793150901794434,0.0,0.0,[]
gen_DE0_0_oil,DE0_0,0.0017135984962806106,0.0,468.3611145019531,q_min,-95.10478210449219,q_max,95.10478210449219,av_mode,constq,1.0,0.0017135984962806103,0.0,0.0,[]
gen_DE0_0_ror,DE0_0,17.101228713989258,0.0,40.275001525878906,q_min,-8.178187370300293,q_max,8.178187370300293,av_mode,constq,1.0,17.101228713989258,-4.440892098500626e-16,0.0,[]
gen_DE0_0_waste,DE0_0,0.01760440692305565,0.0,97.73999786376953,q_min,-19.846954345703125,q_max,19.846954345703125,av_mode,constq,1.0,0.017604406923055652,0.0,0.0,[]
gen_DE0_10_0_offwind-ac,DE0_10,8276.501953125,0.0,9412.91796875,q_min,-1911.37451171875,q_max,1911.37451171875,av_mode,constq,1.0,8276.501953125,0.0,0.0,[]
gen_DE0_10_0_offwind-dc,DE0_10,18742.2109375,0.0,21165.693359375,q_min,-4297.87744140625,q_max,4297.87744140625,av_mode,constq,1.0,18742.2109375,2.842170943040401e-14,0.0,[]
gen_DE0_10_0_offwind-float,DE0_10,0.002905255649238825,0.0,1.0,q_min,-0.0013155004708096385,q_max,0.0013155004708096385,av_mode,constq,1.0,0.002905255649238825,0.0,0.0,[]
gen_DE0_10_0_onwind,DE0_10,2051.610595703125,0.0,5097.056640625,q_min,-1035.00146484375,q_max,1035.00146484375,av_mode,constq,1.0,2051.610595703125,3.552713678800501e-15,0.0,[]
gen_DE0_10_0_solar,DE0_10,-0.0,0.0,945.06201171875,q_min,-191.9030303955078,q_max,191.9030303955078,av_mode,constq,1.0,-0.0,0.0,0.0,[]
gen_DE0_10_0_solar-hsat,DE0_10,-0.0,0.0,1.0,q_min,-0.03457612544298172,q_max,0.03457612544298172,av_mode,constq,1.0,-0.0,0.0,0.0,[]
gen_DE0_10_CCGT,DE0_10,0.003620695322751999,0.0,223.0450439453125,q_min,-45.291229248046875,q_max,45.291229248046875,av_mode,constq,1.0,0.0036206953227519985,0.0,0.0,[]
gen_DE0_10_OCGT,DE0_10,0.0031092572025954723,0.0,91.21344757080078,q_min,-18.52168083190918,q_max,18.52168083190918,av_mode,constq,1.0,0.0031092572025954723,0.0,0.0,[]
gen_DE0_10_biomass,DE0_10,0.06748024374246597,0.0,434.0581359863281,q_min,-88.13926696777344,q_max,88.13926696777344,av_mode,constv,1.0,0.06748019018088769,5264.759091983628,0.0,[]
gen_DE0_10_oil,DE0_10,0.001558308256790042,0.0,41.48659896850586,q_min,-8.424213409423828,q_max,8.424213409423828,av_mode,constq,1.0,0.001558308256790042,-3.3881317890172014e-21,0.0,[]
gen_DE0_10_waste,DE0_10,0.009901449084281921,0.0,154.8300018310547,q_min,-31.439573287963867,q_max,31.439573287963867,av_mode,constq,1.0,0.009901449084281921,2.710505431213761e-20,0.0,[]
gen_DE0_11_0_onwind,DE0_11,2010.0067138671875,0.0,4736.8203125,q_min,-961.8523559570312,q_max,961.8523559570312,av_mode,constq,1.0,2010.006713867187,-1.1368683772161603e-13,0.0,[]
gen_DE0_11_0_solar,DE0_11,-0.0,0.0,949.6714477539062,q_min,-192.83900451660156,q_max,192.83900451660156,av_mode,constq,1.0,0.0,0.0,0.0,[]
gen_DE0_11_0_solar-hsat,DE0_11,-0.0,0.0,1.0,q_min,-0.027527235448360443,q_max,0.027527235448360443,av_mode,constq,1.0,0.0,0.0,0.0,[]
gen_DE0_11_CCGT,DE0_11,0.004391275346279144,0.0,350.47003173828125,q_min,-71.16597747802734,q_max,71.16597747802734,av_mode,constv,1.0,0.004392604733766348,3260.361675346073,0.0,[]
gen_DE0_11_OCGT,DE0_11,0.0035106618888676167,0.0,54.93302917480469,q_min,-11.154626846313477,q_max,11.154626846313477,av_mode,constq,1.0,0.003510661888867616,0.0,0.0,[]
gen_DE0_11_biomass,DE0_11,212.81053161621094,0.0,212.85450744628906,q_min,-43.22195053100586,q_max,43.22195053100586,av_mode,constq,1.0,212.8105316162109,1.4210854715202004e-14,0.0,[]
gen_DE0_11_oil,DE0_11,0.0016539455391466618,0.0,39.83319854736328,q_min,-8.088476181030273,q_max,8.088476181030273,av_mode,constq,1.0,0.0016539455391466615,1.0842021724855044e-19,0.0,[]
gen_DE0_11_ror,DE0_11,11.288817405700684,0.0,26.592500686645508,q_min,-5.399837493896484,q_max,5.399837493896484,av_mode,constq,1.0,11.28881740570068,-8.881784197001252e-16,0.0,[]
gen_DE0_11_waste,DE0_11,0.015670087188482285,0.0,118.19999694824219,q_min,-24.00153350830078,q_max,24.00153350830078,av_mode,constq,1.0,0.015670087188482285,-1.734723475976807e-18,0.0,[]
gen_DE0_12_0_onwind,DE0_12,2218.54150390625,0.0,5569.08544921875,q_min,-1130.8509521484375,q_max,1130.8509521484375,av_mode,constq,1.0,2218.54150390625,-2.2737367544323206e-13,0.0,[]
gen_DE0_12_0_solar,DE0_12,-0.0,0.0,2786.91162109375,q_min,-565.9065551757812,q_max,565.9065551757812,av_mode,constq,1.0,0.0,0.0,0.0,[]
gen_DE0_12_0_solar-hsat,DE0_12,-0.0,0.0,1.0,q_min,-0.026032788679003716,q_max,0.026032788679003716,av_mode,constq,1.0,0.0,0.0,0.0,[]
gen_DE0_12_CCGT,DE0_12,0.0056416853331029415,0.0,999.5770263671875,q_min,-202.9727783203125,q_max,202.9727783203125,av_mode,constv,1.0,0.005641606270160082,759.3208504991362,0.0,[]
gen_DE0_12_OCGT,DE0_12,0.003230753820389509,0.0,355.766357421875,q_min,-72.24143981933594,q_max,72.24143981933594,av_mode,constq,1.0,0.003230753820389509,2.168404344971009e-19,0.0,[]
gen_DE0_12_biomass,DE0_12,365.4674987792969,0.0,365.56854248046875,q_min,-74.23185729980469,q_max,74.23185729980469,av_mode,constq,1.0,365.4674987792969,0.0,0.0,[]
gen_DE0_12_lignite,DE0_12,0.2551409900188446,0.0,962.7890014648438,q_min,-195.5026397705078,q_max,195.5026397705078,av_mode,constq,1.0,0.2551409900188446,0.0,0.0,[]
gen_DE0_12_oil,DE0_12,0.0017415836919099092,0.0,172.36599731445312,q_min,-35.00040817260742,q_max,35.00040817260742,av_mode,constq,1.0,0.0017415836919099092,-1.0842021724855044e-19,0.0,[]
gen_DE0_12_ror,DE0_12,8.631128311157227,0.0,20.336000442504883,q_min,-4.129400730133057,q_max,4.129400730133057,av_mode,constq,1.0,8.631128311157227,0.0,0.0,[]
gen_DE0_12_waste,DE0_12,0.015441845171153545,0.0,213.4499969482422,q_min,-43.342872619628906,q_max,43.342872619628906,av_mode,constq,1.0,0.015441845171153545,8.673617379884035e-19,0.0,[]
gen_DE0_13_0_onwind,DE0_13,2.456002950668335,0.0,73.87582397460938,q_min,-15.001126289367676,q_max,15.001126289367676,av_mode,constq,1.0,2.4560029506683345,0.0,0.0,[]
gen_DE0_13_0_solar,DE0_13,-0.0,0.0,16185.837890625,q_min,-3286.674560546875,q_max,3286.674560546875,av_mode,constq,1.0,0.0,0.0,0.0,[]
gen_DE0_13_0_solar-hsat,DE0_13,-0.0,0.0,1.0,q_min,-0.03328198567032814,q_max,0.03328198567032814,av_mode,constq,1.0,0.0,0.0,0.0,[]
gen_DE0_13_CCGT,DE0_13,0.0048895180225372314,0.0,58.23073959350586,q_min,-11.82425594329834,q_max,11.82425594329834,av_mode,constq,1.0,0.0048895180225372314,-5.421010862427522e-20,0.0,[]
gen_DE0_13_OCGT,DE0_13,0.0036788431461900473,0.0,60.162071228027344,q_min,-12.216429710388184,q_max,12.216429710388184,av_mode,constq,1.0,0.003678843146190047,0.0,0.0,[]
gen_DE0_13_biomass,DE0_13,121.01864624023438,0.0,121.0465316772461,q_min,-24.579545974731445,q_max,24.579545974731445,av_mode,constv,1.0,121.01864636041971,-217.58162030453775,0.0,[]
gen_DE0_13_oil,DE0_13,0.0016933075385168195,0.0,66.288818359375,q_min,-13.460518836975098,q_max,13.460518836975098,av_mode,constq,1.0,0.0016933075385168193,1.3552527156068805e-20,0.0,[]
gen_DE0_13_ror,DE0_13,47.70796585083008,0.0,112.3270034790039,q_min,-22.808969497680664,q_max,22.808969497680664,av_mode,constq,1.0,47.70796585083007,0.0,0.0,[]
gen_DE0_13_waste,DE0_13,0.018941370770335197,0.0,16.799999237060547,q_min,-3.4113855361938477,q_max,3.4113855361938477,av_mode,constq,1.0,0.018941370770335197,0.0,0.0,[]
gen_DE0_14_0_onwind,DE0_14,-0.0,0.0,344.4602355957031,q_min,-69.94563293457031,q_max,69.94563293457031,av_mode,constq,1.0,0.0,0.0,0.0,[]
gen_DE0_14_0_solar,DE0_14,-0.0,0.0,12566.455078125,q_min,-2551.7275390625,q_max,2551.7275390625,av_mode,constq,1.0,0.0,0.0,0.0,[]
gen_DE0_14_0_solar-hsat,DE0_14,-0.0,0.0,1.0,q_min,-0.030848056077957153,q_max,0.030848056077957153,av_mode,constq,1.0,0.0,0.0,0.0,[]
gen_DE0_14_CCGT,DE0_14,0.00593304168432951,0.0,228.03904724121094,q_min,-46.30530548095703,q_max,46.30530548095703,av_mode,constv,1.0,0.005932478194182522,894.4551041952635,0.0,[]
gen_DE0_14_OCGT,DE0_14,0.003762075211852789,0.0,102.156005859375,q_min,-20.743661880493164,q_max,20.743661880493164,av_mode,constq,1.0,0.003762075211852789,0.0,0.0,[]
gen_DE0_14_biomass,DE0_14,84.35787200927734,0.0,84.38587951660156,q_min,-17.135284423828125,q_max,17.135284423828125,av_mode,constq,1.0,84.35787200927734,0.0,0.0,[]
gen_DE0_14_oil,DE0_14,0.0017001056112349033,0.0,19.64299964904785,q_min,-3.9886813163757324,q_max,3.9886813163757324,av_mode,constq,1.0,0.0017001056112349033,0.0,0.0,[]
gen_DE0_14_ror,DE0_14,270.1608581542969,0.0,636.010986328125,q_min,-129.1475372314453,q_max,129.1475372314453,av_mode,constq,1.0,270.16085815429693,-7.105427357601002e-15,0.0,[]
gen_DE0_14_waste,DE0_14,0.021576905623078346,0.0,24.399999618530273,q_min,-4.954631328582764,q_max,4.954631328582764,av_mode,constq,1.0,0.021576905623078343,0.0,0.0,[]
gen_DE0_15_0_onwind,DE0_15,489.0849609375,0.0,2973.380859375,q_min,-603.770751953125,q_max,603.770751953125,av_mode,constq,1.0,489.08496093750006,0.0,0.0,[]
gen_DE0_15_0_solar,DE0_15,-0.0,0.0,17307.537109375,q_min,-3514.4453125,q_max,3514.4453125,av_mode,constq,1.0,0.0,0.0,0.0,[]
gen_DE0_15_0_solar-hsat,DE0_15,-0.0,0.0,1.0,q_min,-0.0367017537355423,q_max,0.0367017537355423,av_mode,constq,1.0,0.0,0.0,0.0,[]
gen_DE0_15_CCGT,DE0_15,0.004879612475633621,0.0,537.9722290039062,q_min,-109.23992156982422,q_max,109.23992156982422,av_mode,constq,1.0,0.004879612475633621,0.0,0.0,[]
gen_DE0_15_OCGT,DE0_15,0.0036033664364367723,0.0,56.02679443359375,q_min,-11.376726150512695,q_max,11.376726150512695,av_mode,constq,1.0,0.0036033664364367723,0.0,0.0,[]
gen_DE0_15_biomass,DE0_15,57.904335021972656,0.0,57.9370002746582,q_min,-11.764609336853027,q_max,11.764609336853027,av_mode,constq,1.0,57.90433502197266,1.7763568394002505e-15,0.0,[]
gen_DE0_15_coal,DE0_15,1088.1260986328125,0.0,2004.5999755859375,q_min,-407.0513916015625,q_max,407.0513916015625,av_mode,constv,1.0,1088.1260994892377,1709.4451649838202,0.0,[]
gen_DE0_15_oil,DE0_15,0.0016741009894758463,0.0,38.7781982421875,q_min,-7.874249458312988,q_max,7.874249458312988,av_mode,constq,1.0,0.001674100989475846,-2.710505431213761e-20,0.0,[]
gen_DE0_15_ror,DE0_15,44.52777099609375,0.0,104.84100341796875,q_min,-21.28887367248535,q_max,21.28887367248535,av_mode,constq,1.0,44.52777099609375,0.0,0.0,[]
gen_DE0_15_waste,DE0_15,0.017261268571019173,0.0,23.6200008392334,q_min,-4.796245574951172,q_max,4.796245574951172,av_mode,constq,1.0,0.017261268571019173,4.336808689942018e-19,0.0,[]
gen_DE0_16_0_offwind-ac,DE0_16,0.004496820271015167,0.0,1.0,q_min,-0.0017925522988662124,q_max,0.0017925522988662124,av_mode,constq,1.0,0.004496820271015168,-4.336808689942018e-19,0.0,[]
gen_DE0_16_0_offwind-float,DE0_16,0.0019425138598307967,0.0,1.0,q_min,-0.0015252907760441303,q_max,0.0015252907760441303,av_mode,constq,1.0,0.001942513859830797,2.168404344971009e-19,0.0,[]
gen_DE0_16_0_onwind,DE0_16,1243.3153076171875,0.0,5025.072265625,q_min,-1020.3844604492188,q_max,1020.3844604492188,av_mode,constq,1.0,1243.3153076171875,-1.1368683772161603e-13,0.0,[]
gen_DE0_16_0_solar,DE0_16,-0.0,0.0,2806.012939453125,q_min,-569.7852172851562,q_max,569.7852172851562,av_mode,constq,1.0,0.0,0.0,0.0,[]
gen_DE0_16_0_solar-hsat,DE0_16,-0.0,0.0,1.0,q_min,-0.028424756601452827,q_max,0.028424756601452827,av_mode,constq,1.0,0.0,0.0,0.0,[]
gen_DE0_16_CCGT,DE0_16,0.0039587500505149364,0.0,207.0690460205078,q_min,-42.04716110229492,q_max,42.04716110229492,av_mode,constq,1.0,0.0039587500505149364,4.336808689942018e-19,0.0,[]
gen_DE0_16_OCGT,DE0_16,0.0034796588588505983,0.0,41.80854415893555,q_min,-8.48958683013916,q_max,8.48958683013916,av_mode,constq,1.0,0.0034796588588505983,2.168404344971009e-19,0.0,[]
gen_DE0_16_biomass,DE0_16,337.61285400390625,0.0,337.6669921875,q_min,-68.56620788574219,q_max,68.56620788574219,av_mode,constv,1.0,337.6128540007738,675.6771354469638,0.0,[]
gen_DE0_16_oil,DE0_16,0.0016266393940895796,0.0,6.9720001220703125,q_min,-1.4157249927520752,q_max,1.4157249927520752,av_mode,constq,1.0,0.0016266393940895798,1.0842021724855044e-19,0.0,[]
gen_DE0_16_ror,DE0_16,0.8259812593460083,0.0,1.9600000381469727,q_min,-0.3979949653148651,q_max,0.3979949653148651,av_mode,constq,1.0,0.8259812593460084,-5.551115123125783e-17,0.0,[]
gen_DE0_16_waste,DE0_16,0.014953960664570332,0.0,48.76100158691406,q_min,-9.90134334564209,q_max,9.90134334564209,av_mode,constq,1.0,0.014953960664570335,-8.673617379884035e-19,0.0,[]
gen_DE0_17_0_onwind,DE0_17,418.71490478515625,0.0,2031.7332763671875,q_min,-412.56103515625,q_max,412.56103515625,av_mode,constq,1.0,418.7149047851563,0.0,0.0,[]
gen_DE0_17_0_solar,DE0_17,-0.0,0.0,23660.6640625,q_min,-4804.5029296875,q_max,4804.5029296875,av_mode,constq,1.0,0.0,0.0,0.0,[]
gen_DE0_17_0_solar-hsat,DE0_17,-0.0,0.0,1.0,q_min,-0.039639294147491455,q_max,0.039639294147491455,av_mode,constq,1.0,0.0,0.0,0.0,[]
gen_DE0_17_CCGT,DE0_17,0.004346940200775862,0.0,343.1840515136719,q_min,-69.68649291992188,q_max,69.68649291992188,av_mode,constv,1.0,0.004346840426364906,1188.1520855688116,0.0,[]
gen_DE0_17_OCGT,DE0_17,0.003579947864636779,0.0,66.58123779296875,q_min,-13.5198974609375,q_max,13.5198974609375,av_mode,constq,1.0,0.0035799478646367793,0.0,0.0,[]
gen_DE0_17_biomass,DE0_17,146.61363220214844,0.0,146.64895629882812,q_min,-29.778339385986328,q_max,29.778339385986328,av_mode,constq,1.0,146.61363220214847,7.105427357601002e-15,0.0,[]
gen_DE0_17_oil,DE0_17,0.001671217498369515,0.0,57.437198638916016,q_min,-11.663121223449707,q_max,11.663121223449707,av_mode,constq,1.0,0.0016712174983695152,0.0,0.0,[]
gen_DE0_17_ror,DE0_17,32.605323791503906,0.0,76.77410125732422,q_min,-15.589646339416504,q_max,15.589646339416504,av_mode,constq,1.0,32.605323791503906,-1.7763568394002505e-15,0.0,[]
gen_DE0_17_waste,DE0_17,0.01677827723324299,0.0,28.200000762939453,q_min,-5.726254463195801,q_max,5.726254463195801,av_mode,constq,1.0,0.01677827723324299,-8.673617379884035e-19,0.0,[]
gen_DE0_18_0_onwind,DE0_18,540.2919921875,0.0,1497.5008544921875,q_min,-304.08050537109375,q_max,304.08050537109375,av_mode,constq,1.0,540.2919921875,-5.684341886080802e-14,0.0,[]
gen_DE0_18_0_solar,DE0_18,-0.0,0.0,417.8437194824219,q_min,-84.84678649902344,q_max,84.84678649902344,av_mode,constq,1.0,0.0,0.0,0.0,[]
gen_DE0_18_0_solar-hsat,DE0_18,-0.0,0.0,1.0,q_min,-0.028807371854782104,q_max,0.028807371854782104,av_mode,constq,1.0,0.0,0.0,0.0,[]
gen_DE0_18_CCGT,DE0_18,0.0056693581864237785,0.0,1150.1307373046875,q_min,-233.5439910888672,q_max,233.5439910888672,av_mode,constv,1.0,0.005684709254069276,1994.1253249184524,0.0,[]
gen_DE0_18_OCGT,DE0_18,0.0034361970610916615,0.0,93.90410614013672,q_min,-19.06804084777832,q_max,19.06804084777832,av_mode,constq,1.0,0.003436197061091662,0.0,0.0,[]
gen_DE0_18_biomass,DE0_18,63.93107223510742,0.0,63.9911003112793,q_min,-12.99394702911377,q_max,12.99394702911377,av_mode,constq,1.0,63.93107223510742,3.552713678800501e-15,0.0,[]
gen_DE0_18_coal,DE0_18,0.04217740148305893,0.0,1070.0660400390625,q_min,-217.28616333007812,q_max,217.28616333007812,av_mode,constq,1.0,0.04217740148305893,0.0,0.0,[]
gen_DE0_18_lignite,DE0_18,0.028534268960356712,0.0,2.4000000953674316,q_min,-0.4873407781124115,q_max,0.4873407781124115,av_mode,constq,1.0,0.028534268960356712,1.734723475976807e-18,0.0,[]
gen_DE0_18_oil,DE0_18,0.001639480353333056,0.0,73.68329620361328,q_min,-14.962032318115234,q_max,14.962032318115234,av_mode,constq,1.0,0.001639480353333056,0.0,0.0,[]
gen_DE0_18_ror,DE0_18,27.19721794128418,0.0,64.04419708251953,q_min,-13.004729270935059,q_max,13.004729270935059,av_mode,constq,1.0,27.19721794128418,-1.7763568394002505e-15,0.0,[]
gen_DE0_18_waste,DE0_18,0.014211532659828663,0.0,143.38999938964844,q_min,-29.116580963134766,q_max,29.116580963134766,av_mode,constq,1.0,0.014211532659828661,0.0,0.0,[]
gen_DE0_19_0_onwind,DE0_19,2583.707763671875,0.0,8044.77490234375,q_min,-1633.5611572265625,q_max,1633.5611572265625,av_mode,constq,1.0,2583.707763671875,0.0,0.0,[]
gen_DE0_19_0_solar,DE0_19,-0.0,0.0,858.5383911132812,q_min,-174.3336639404297,q_max,174.3336639404297,av_mode,constq,1.0,0.0,0.0,0.0,[]
gen_DE0_19_0_solar-hsat,DE0_19,-0.0,0.0,1.0,q_min,-0.029518209397792816,q_max,0.029518209397792816,av_mode,constq,1.0,0.0,0.0,0.0,[]
gen_DE0_19_CCGT,DE0_19,0.0047668581828475,0.0,3069.385986328125,q_min,-623.2654418945312,q_max,623.2654418945312,av_mode,constv,1.0,0.004766729528000724,3016.9480078052525,0.0,[]
gen_DE0_19_OCGT,DE0_19,0.0033902388531714678,0.0,106.74381256103516,q_min,-21.675256729125977,q_max,21.675256729125977,av_mode,constq,1.0,0.0033902388531714678,-4.336808689942018e-19,0.0,[]
gen_DE0_19_biomass,DE0_19,348.1334533691406,0.0,348.22735595703125,q_min,-70.71057891845703,q_max,70.71057891845703,av_mode,constq,1.0,348.1334533691406,2.842170943040401e-14,0.0,[]
gen_DE0_19_lignite,DE0_19,0.028484119102358818,0.0,19.774999618530273,q_min,-4.015484809875488,q_max,4.015484809875488,av_mode,constq,1.0,0.02848411910235882,1.734723475976807e-18,0.0,[]
gen_DE0_19_oil,DE0_19,0.0016309390775859356,0.0,130.48855590820312,q_min,-26.4968318939209,q_max,26.4968318939209,av_mode,constq,1.0,0.0016309390775859356,-1.0842021724855044e-19,0.0,[]
gen_DE0_19_ror,DE0_19,1.013659954071045,0.0,2.4030001163482666,q_min,-0.4879499673843384,q_max,0.4879499673843384,av_mode,constq,1.0,1.013659954071045,5.551115123125783e-17,0.0,[]
gen_DE0_19_waste,DE0_19,0.013218858279287815,0.0,27.493000030517578,q_min,-5.582691669464111,q_max,5.582691669464111,av_mode,constq,1.0,0.013218858279287817,0.0,0.0,[]
gen_DE0_1_0_onwind,DE0_1,1147.2432861328125,0.0,2110.775390625,q_min,-428.6112365722656,q_max,428.6112365722656,av_mode,constq,1.0,1147.2432861328125,0.0,0.0,[]
gen_DE0_1_0_solar,DE0_1,-0.0,0.0,473.9487609863281,q_min,-96.23939514160156,q_max,96.23939514160156,av_mode,constq,1.0,0.0,0.0,0.0,[]
gen_DE0_1_0_solar-hsat,DE0_1,-0.0,0.0,1.0,q_min,-0.027671240270137787,q_max,0.027671240270137787,av_mode,constq,1.0,0.0,0.0,0.0,[]
gen_DE0_1_CCGT,DE0_1,0.004534551408141851,0.0,225.9358673095703,q_min,-45.87823486328125,q_max,45.87823486328125,av_mode,constq,1.0,0.004534551408141851,-4.336808689942018e-19,0.0,[]
gen_DE0_1_OCGT,DE0_1,0.0034811538644135,0.0,61.614200592041016,q_min,-12.511296272277832,q_max,12.511296272277832,av_mode,constq,1.0,0.0034811538644135,-2.168404344971009e-19,0.0,[]
gen_DE0_1_biomass,DE0_1,253.12857055664062,0.0,253.18043518066406,q_min,-51.41048049926758,q_max,51.41048049926758,av_mode,constv,1.0,253.12857077469482,1523.0206956481015,0.0,[]
gen_DE0_1_oil,DE0_1,0.0016504684463143349,0.0,73.38819885253906,q_min,-14.902109146118164,q_max,14.902109146118164,av_mode,constq,1.0,0.0016504684463143347,0.0,0.0,[]
gen_DE0_1_ror,DE0_1,5.024457931518555,0.0,11.84529972076416,q_min,-2.4052908420562744,q_max,2.4052908420562744,av_mode,constq,1.0,5.024457931518555,-4.440892098500626e-16,0.0,[]
gen_DE0_1_waste,DE0_1,0.014814358204603195,0.0,27.200000762939453,q_min,-5.523195743560791,q_max,5.523195743560791,av_mode,constq,1.0,0.014814358204603193,-8.673617379884035e-19,0.0,[]
gen_DE0_20_0_onwind,DE0_20,254.6352081298828,0.0,1182.92529296875,q_min,-240.20321655273438,q_max,240.20321655273438,av_mode,constq,1.0,254.63520812988278,-1.4210854715202004e-14,0.0,[]
gen_DE0_20_0_solar,DE0_20,-0.0,0.0,2501.164794921875,q_min,-507.8831787109375,q_max,507.8831787109375,av_mode,constq,1.0,0.0,0.0,0.0,[]
gen_DE0_20_0_solar-hsat,DE0_20,-0.0,0.0,1.0,q_min,-0.03535393998026848,q_max,0.03535393998026848,av_mode,constq,1.0,0.0,0.0,0.0,[]
gen_DE0_20_CCGT,DE0_20,0.004759580362588167,0.0,3898.605712890625,q_min,-791.6456298828125,q_max,791.6456298828125,av_mode,constv,1.0,0.004806984705624018,2107.41023936832,0.0,[]
gen_DE0_20_OCGT,DE0_20,0.0036420412361621857,0.0,374.1083984375,q_min,-75.96595001220703,q_max,75.96595001220703,av_mode,constq,1.0,0.0036420412361621857,0.0,0.0,[]
gen_DE0_20_biomass,DE0_20,96.64617919921875,0.0,96.67769622802734,q_min,-19.631244659423828,q_max,19.631244659423828,av_mode,constq,1.0,96.64617919921875,3.552713678800501e-15,0.0,[]
gen_DE0_20_coal,DE0_20,521.6849365234375,0.0,522.0,q_min,-105.99662017822266,q_max,105.99662017822266,av_mode,constq,1.0,521.6849365234375,2.842170943040401e-14,0.0,[]
gen_DE0_20_lignite,DE0_20,0.05130060389637947,0.0,1.8370000123977661,q_min,-0.3730187714099884,q_max,0.3730187714099884,av_mode,constq,1.0,0.05130060389637947,1.734723475976807e-18,0.0,[]
gen_DE0_20_oil,DE0_20,0.0016867767553776503,0.0,900.087158203125,q_min,-182.77049255371094,q_max,182.77049255371094,av_mode,constq,1.0,0.0016867767553776503,1.0842021724855044e-19,0.0,[]
gen_DE0_20_ror,DE0_20,19.844118118286133,0.0,46.731998443603516,q_min,-9.489336967468262,q_max,9.489336967468262,av_mode,constq,1.0,19.844118118286133,8.881784197001252e-16,0.0,[]
gen_DE0_20_waste,DE0_20,0.01823245733976364,0.0,335.0669860839844,q_min,-68.03825378417969,q_max,68.03825378417969,av_mode,constq,1.0,0.018232457339763638,0.0,0.0,[]
gen_DE0_21_0_onwind,DE0_21,24.958215713500977,0.0,134.7764129638672,q_min,-27.36751937866211,q_max,27.36751937866211,av_mode,constq,1.0,24.958215713500977,0.0,0.0,[]
gen_DE0_21_0_solar,DE0_21,-0.0,0.0,4733.298828125,q_min,-961.1372680664062,q_max,961.1372680664062,av_mode,constq,1.0,0.0,0.0,0.0,[]
gen_DE0_21_0_solar-hsat,DE0_21,-0.0,0.0,1.0,q_min,-0.037637580186128616,q_max,0.037637580186128616,av_mode,constq,1.0,0.0,0.0,0.0,[]
gen_DE0_21_CCGT,DE0_21,0.0052082734182477,0.0,27.437152862548828,q_min,-5.571351528167725,q_max,5.571351528167725,av_mode,constq,1.0,0.0052082734182477,0.0,0.0,[]
gen_DE0_21_OCGT,DE0_21,0.004061894491314888,0.0,35.98980712890625,q_min,-7.308042049407959,q_max,7.308042049407959,av_mode,constq,1.0,0.004061894491314888,5.421010862427522e-20,0.0,[]
gen_DE0_21_biomass,DE0_21,139.2124786376953,0.0,139.22865295410156,q_min,-28.27158546447754,q_max,28.27158546447754,av_mode,constv,1.0,139.21247838406998,235.52546665853748,0.0,[]
gen_DE0_21_oil,DE0_21,0.0017657906282693148,0.0,30.58135986328125,q_min,-6.20980978012085,q_max,6.20980978012085,av_mode,constq,1.0,0.0017657906282693145,0.0,0.0,[]
gen_DE0_21_ror,DE0_21,22.932771682739258,0.0,54.000301361083984,q_min,-10.965229034423828,q_max,10.965229034423828,av_mode,constq,1.0,22.932771682739258,0.0,0.0,[]
gen_DE0_21_waste,DE0_21,0.041014108806848526,0.0,50.0,q_min,-10.152933120727539,q_max,10.152933120727539,av_mode,constq,1.0,0.04101410880684852,-4.336808689942018e-19,0.0,[]
gen_DE0_22_0_onwind,DE0_22,797.9697875976562,0.0,3219.650390625,q_min,-653.7778930664062,q_max,653.7778930664062,av_mode,constq,1.0,797.9697875976562,5.684341886080802e-14,0.0,[]
gen_DE0_22_0_solar,DE0_22,-0.0,0.0,2858.808837890625,q_min,-580.5059204101562,q_max,580.5059204101562,av_mode,constq,1.0,0.0,0.0,0.0,[]
gen_DE0_22_0_solar-hsat,DE0_22,-0.0,0.0,1.0,q_min,-0.02411072514951229,q_max,0.02411072514951229,av_mode,constq,1.0,0.0,0.0,0.0,[]
gen_DE0_22_CCGT,DE0_22,0.005670869257301092,0.0,1668.9560546875,q_min,-338.8959655761719,q_max,338.8959655761719,av_mode,constq,1.0,0.005670869257301092,4.336808689942018e-19,0.0,[]
gen_DE0_22_OCGT,DE0_22,0.003518725046887994,0.0,158.26473999023438,q_min,-32.137027740478516,q_max,32.137027740478516,av_mode,constq,1.0,0.003518725046887994,0.0,0.0,[]
gen_DE0_22_biomass,DE0_22,231.3606414794922,0.0,231.40460205078125,q_min,-46.98870849609375,q_max,46.98870849609375,av_mode,constq,1.0,231.3606414794922,0.0,0.0,[]
gen_DE0_22_lignite,DE0_22,2266.624755859375,0.0,3981.798095703125,q_min,-808.53857421875,q_max,808.53857421875,av_mode,constv,1.0,2266.624756228276,382.3638069177258,0.0,[]
gen_DE0_22_oil,DE0_22,0.0016548983985558152,0.0,45.17060089111328,q_min,-9.172281265258789,q_max,9.172281265258789,av_mode,constq,1.0,0.0016548983985558152,0.0,0.0,[]
gen_DE0_22_ror,DE0_22,14.269697189331055,0.0,33.61000061035156,q_min,-6.824801445007324,q_max,6.824801445007324,av_mode,constq,1.0,14.269697189331053,-8.881784197001252e-16,0.0,[]
gen_DE0_22_waste,DE0_22,0.01570376753807068,0.0,180.6840057373047,q_min,-36.689449310302734,q_max,36.689449310302734,av_mode,constq,1.0,0.015703767538070675,-8.673617379884035e-19,0.0,[]
gen_DE0_23_0_onwind,DE0_23,77.20096588134766,0.0,837.662353515625,q_min,-170.09458923339844,q_max,170.09458923339844,av_mode,constq,1.0,77.20096588134766,0.0,0.0,[]
gen_DE0_23_0_solar,DE0_23,-0.0,0.0,1468.146484375,q_min,-298.1198425292969,q_max,298.1198425292969,av_mode,constq,1.0,0.0,0.0,0.0,[]
gen_DE0_23_0_solar-hsat,DE0_23,-0.0,0.0,1.0,q_min,-0.03257683292031288,q_max,0.03257683292031288,av_mode,constq,1.0,0.0,0.0,0.0,[]
gen_DE0_23_CCGT,DE0_23,0.005002943333238363,0.0,60.4535026550293,q_min,-12.275607109069824,q_max,12.275607109069824,av_mode,constq,1.0,0.005002943333238362,0.0,0.0,[]
gen_DE0_23_OCGT,DE0_23,0.0036635934375226498,0.0,381.4621887207031,q_min,-77.45919799804688,q_max,77.45919799804688,av_mode,constv,1.0,0.0036634232925125687,243.6535738783668,0.0,[]
gen_DE0_23_biomass,DE0_23,336.6256103515625,0.0,336.6553039550781,q_min,-68.36077880859375,q_max,68.36077880859375,av_mode,constq,1.0,336.62561035156244,1.7763568394002505e-15,0.0,[]
gen_DE0_23_lignite,DE0_23,0.05622045323252678,0.0,1.5,q_min,-0.3045879900455475,q_max,0.3045879900455475,av_mode,constq,1.0,0.05622045323252678,-2.168404344971009e-19,0.0,[]
gen_DE0_23_oil,DE0_23,0.0016867044614627957,0.0,53.98816680908203,q_min,-10.962764739990234,q_max,10.962764739990234,av_mode,constq,1.0,0.001686704461462796,-6.776263578034403e-21,0.0,[]
gen_DE0_23_ror,DE0_23,59.282894134521484,0.0,139.57620239257812,q_min,-28.34215545654297,q_max,28.34215545654297,av_mode,constq,1.0,59.282894134521484,0.0,0.0,[]
gen_DE0_23_waste,DE0_23,0.01867786794900894,0.0,46.6870002746582,q_min,-9.480199813842773,q_max,9.480199813842773,av_mode,constq,1.0,0.01867786794900894,0.0,0.0,[]
gen_DE0_24_0_offwind-ac,DE0_24,0.0044262465089559555,0.0,1.0,q_min,-0.0017294838326051831,q_max,0.0017294838326051831,av_mode,constq,1.0,0.004426246508955956,-2.168404344971009e-19,0.0,[]
gen_DE0_24_0_offwind-float,DE0_24,0.0016396001446992159,0.0,1.0,q_min,-0.001465513021685183,q_max,0.001465513021685183,av_mode,constq,1.0,0.0016396001446992159,0.0,0.0,[]
gen_DE0_24_0_onwind,DE0_24,1924.329833984375,0.0,5132.810546875,q_min,-1042.2615966796875,q_max,1042.2615966796875,av_mode,constq,1.0,1924.329833984375,1.1368683772161603e-13,0.0,[]
gen_DE0_24_0_solar,DE0_24,-0.0,0.0,4856.30859375,q_min,-986.1155395507812,q_max,986.1155395507812,av_mode,constq,1.0,0.0,0.0,0.0,[]
gen_DE0_24_0_solar-hsat,DE0_24,-0.0,0.0,1.0,q_min,-0.034324225038290024,q_max,0.034324225038290024,av_mode,constq,1.0,0.0,0.0,0.0,[]
gen_DE0_24_CCGT,DE0_24,0.005000486969947815,0.0,860.5400390625,q_min,-174.7401123046875,q_max,174.7401123046875,av_mode,constv,1.0,0.005000745351253499,3723.0241485030137,0.0,[]
gen_DE0_24_OCGT,DE0_24,0.003232615999877453,0.0,401.861328125,q_min,-81.60142517089844,q_max,81.60142517089844,av_mode,constq,1.0,0.003232615999877453,-2.168404344971009e-19,0.0,[]
gen_DE0_24_biomass,DE0_24,541.0104370117188,0.0,541.1336059570312,q_min,-109.88186645507812,q_max,109.88186645507812,av_mode,constq,1.0,541.0104370117188,-2.842170943040401e-14,0.0,[]
gen_DE0_24_oil,DE0_24,0.0016177918296307325,0.0,55.602901458740234,q_min,-11.290650367736816,q_max,11.290650367736816,av_mode,constq,1.0,0.0016177918296307325,0.0,0.0,[]
gen_DE0_24_ror,DE0_24,17.78348159790039,0.0,41.88399887084961,q_min,-8.504908561706543,q_max,8.504908561706543,av_mode,constq,1.0,17.78348159790039,0.0,0.0,[]
gen_DE0_24_waste,DE0_24,0.01282260287553072,0.0,160.50799560546875,q_min,-32.5925407409668,q_max,32.5925407409668,av_mode,constq,1.0,0.01282260287553072,0.0,0.0,[]
gen_DE0_25_0_onwind,DE0_25,0.6915439367294312,0.0,6.404224872589111,q_min,-1.3004332780838013,q_max,1.3004332780838013,av_mode,constq,1.0,0.6915439367294312,0.0,0.0,[]
gen_DE0_25_0_solar,DE0_25,-0.0,0.0,15492.30078125,q_min,-3145.845947265625,q_max,3145.845947265625,av_mode,constq,1.0,0.0,0.0,0.0,[]
gen_DE0_25_0_solar-hsat,DE0_25,-0.0,0.0,1.0,q_min,-0.03504063934087753,q_max,0.03504063934087753,av_mode,constq,1.0,0.0,0.0,0.0,[]
gen_DE0_25_CCGT,DE0_25,0.006072310730814934,0.0,526.0660400390625,q_min,-106.822265625,q_max,106.822265625,av_mode,constv,1.0,0.006072277574753759,21.958122954804935,0.0,[]
gen_DE0_25_OCGT,DE0_25,0.0038157785311341286,0.0,46.413421630859375,q_min,-9.424647331237793,q_max,9.424647331237793,av_mode,constq,1.0,0.003815778531134128,0.0,0.0,[]
gen_DE0_25_biomass,DE0_25,235.8056182861328,0.0,235.82749938964844,q_min,-47.886817932128906,q_max,47.886817932128906,av_mode,constq,1.0,235.8056182861328,0.0,0.0,[]
gen_DE0_25_oil,DE0_25,0.0017140415729954839,0.0,22.201099395751953,q_min,-4.5081257820129395,q_max,4.5081257820129395,av_mode,constq,1.0,0.0017140415729954839,1.6940658945086007e-21,0.0,[]
gen_DE0_25_ror,DE0_25,407.8538818359375,0.0,960.1587524414062,q_min,-194.9685516357422,q_max,194.9685516357422,av_mode,constq,1.0,407.85388183593756,0.0,0.0,[]
gen_DE0_25_waste,DE0_25,0.02367401123046875,0.0,21.389999389648438,q_min,-4.3434247970581055,q_max,4.3434247970581055,av_mode,constq,1.0,0.02367401123046875,0.0,0.0,[]
gen_DE0_26_0_onwind,DE0_26,29.845394134521484,0.0,279.2245178222656,q_min,-56.69895553588867,q_max,56.69895553588867,av_mode,constq,1.0,29.84539413452148,2.220446049250313e-16,0.0,[]
gen_DE0_26_0_solar,DE0_26,-0.0,0.0,18390.25390625,q_min,-3734.300537109375,q_max,3734.300537109375,av_mode,constq,1.0,0.0,0.0,0.0,[]
gen_DE0_26_0_solar-hsat,DE0_26,-0.0,0.0,1.0,q_min,-0.03636589273810387,q_max,0.03636589273810387,av_mode,constq,1.0,0.0,0.0,0.0,[]
gen_DE0_26_CCGT,DE0_26,0.004641348030418158,0.0,238.50942993164062,q_min,-48.43140411376953,q_max,48.43140411376953,av_mode,constq,1.0,0.004641348030418157,-5.421010862427522e-20,0.0,[]
gen_DE0_26_OCGT,DE0_26,0.003723125671967864,0.0,137.879150390625,q_min,-27.997556686401367,q_max,27.997556686401367,av_mode,constq,1.0,0.003723125671967864,0.0,0.0,[]
gen_DE0_26_biomass,DE0_26,306.900390625,0.0,306.9265441894531,q_min,-62.324092864990234,q_max,62.324092864990234,av_mode,constv,1.0,306.90039071033544,322.2605573575531,0.0,[]
gen_DE0_26_geothermal,DE0_26,7.993518352508545,0.0,8.0,q_min,-1.62446928024292,q_max,1.62446928024292,av_mode,constq,1.0,7.993518352508544,0.0,0.0,[]
gen_DE0_26_oil,DE0_26,0.001702082110568881,0.0,84.15299987792969,q_min,-17.087995529174805,q_max,17.087995529174805,av_mode,constq,1.0,0.001702082110568881,0.0,0.0,[]
gen_DE0_26_ror,DE0_26,208.44593811035156,0.0,490.7259521484375,q_min,-99.64615631103516,q_max,99.64615631103516,av_mode,constq,1.0,208.44593811035153,1.7763568394002505e-15,0.0,[]
gen_DE0_26_waste,DE0_26,0.020344600081443787,0.0,39.959999084472656,q_min,-8.114224433898926,q_max,8.114224433898926,av_mode,constq,1.0,0.020344600081443783,0.0,0.0,[]
gen_DE0_27_0_onwind,DE0_27,524.8623657226562,0.0,2443.990234375,q_min,-496.27337646484375,q_max,496.27337646484375,av_mode,constq,1.0,524.8623657226562,2.842170943040401e-14,0.0,[]
gen_DE0_27_0_solar,DE0_27,-0.0,0.0,953.4918212890625,q_min,-193.61477661132812,q_max,193.61477661132812,av_mode,constq,1.0,0.0,0.0,0.0,[]
gen_DE0_27_0_solar-hsat,DE0_27,-0.0,0.0,1.0,q_min,-0.03384307771921158,q_max,0.03384307771921158,av_mode,constq,1.0,0.0,0.0,0.0,[]
gen_DE0_27_CCGT,DE0_27,0.0052434103563427925,0.0,64.68409729003906,q_min,-13.134666442871094,q_max,13.134666442871094,av_mode,constv,1.0,0.005175776511748609,849.6043870504919,0.0,[]
gen_DE0_27_OCGT,DE0_27,0.0035334548447281122,0.0,32.282440185546875,q_min,-6.5552287101745605,q_max,6.5552287101745605,av_mode,constq,1.0,0.003533454844728112,0.0,0.0,[]
gen_DE0_27_biomass,DE0_27,49.77601623535156,0.0,49.814998626708984,q_min,-10.11536693572998,q_max,10.11536693572998,av_mode,constq,1.0,49.77601623535156,3.552713678800501e-15,0.0,[]
gen_DE0_27_oil,DE0_27,0.001658061402849853,0.0,30.647199630737305,q_min,-6.223179340362549,q_max,6.223179340362549,av_mode,constq,1.0,0.001658061402849853,0.0,0.0,[]
gen_DE0_27_ror,DE0_27,60.338382720947266,0.0,142.06199645996094,q_min,-28.846920013427734,q_max,28.846920013427734,av_mode,constq,1.0,60.33838272094726,-3.552713678800501e-15,0.0,[]
gen_DE0_27_waste,DE0_27,0.016121547669172287,0.0,64.02200317382812,q_min,-13.000221252441406,q_max,13.000221252441406,av_mode,constq,1.0,0.016121547669172284,-8.673617379884035e-19,0.0,[]
gen_DE0_28_0_onwind,DE0_28,1072.1807861328125,0.0,2608.1103515625,q_min,-529.5994262695312,q_max,529.5994262695312,av_mode,constq,1.0,1072.1807861328125,0.0,0.0,[]
gen_DE0_28_0_solar,DE0_28,-0.0,0.0,1515.7144775390625,q_min,-307.7789611816406,q_max,307.7789611816406,av_mode,constq,1.0,0.0,0.0,0.0,[]
gen_DE0_28_0_solar-hsat,DE0_28,-0.0,0.0,1.0,q_min,-0.03110678307712078,q_max,0.03110678307712078,av_mode,constq,1.0,0.0,0.0,0.0,[]
gen_DE0_28_CCGT,DE0_28,0.005015637259930372,0.0,423.96270751953125,q_min,-86.08930206298828,q_max,86.08930206298828,av_mode,constv,1.0,0.005015419553956235,1419.6382725573114,0.0,[]
gen_DE0_28_OCGT,DE0_28,0.003527153981849551,0.0,114.09404754638672,q_min,-23.167783737182617,q_max,23.167783737182617,av_mode,constq,1.0,0.003527153981849551,0.0,0.0,[]
gen_DE0_28_biomass,DE0_28,148.30711364746094,0.0,148.35589599609375,q_min,-30.124950408935547,q_max,30.124950408935547,av_mode,constq,1.0,148.30711364746094,0.0,0.0,[]
gen_DE0_28_oil,DE0_28,0.0016559825744479895,0.0,38.15359878540039,q_min,-7.7474188804626465,q_max,7.7474188804626465,av_mode,constq,1.0,0.0016559825744479895,0.0,0.0,[]
gen_DE0_28_ror,DE0_28,11.531608581542969,0.0,27.163999557495117,q_min,-5.515885353088379,q_max,5.515885353088379,av_mode,constq,1.0,11.531608581542969,0.0,0.0,[]
gen_DE0_28_waste,DE0_28,0.01558957900851965,0.0,32.61600112915039,q_min,-6.622961044311523,q_max,6.622961044311523,av_mode,constq,1.0,0.01558957900851965,0.0,0.0,[]
gen_DE0_29_0_offwind-ac,DE0_29,458.0675048828125,0.0,552.6000366210938,q_min,-112.21022033691406,q_max,112.21022033691406,av_mode,constq,1.0,458.0675048828125,0.0,0.0,[]
gen_DE0_29_0_offwind-dc,DE0_29,239.27149963378906,0.0,270.22247314453125,q_min,-54.87101745605469,q_max,54.87101745605469,av_mode,constq,1.0,239.2714996337891,-1.7763568394002505e-15,0.0,[]
gen_DE0_29_0_offwind-float,DE0_29,0.0020006170962005854,0.0,1.0,q_min,-0.001549671869724989,q_max,0.001549671869724989,av_mode,constq,1.0,0.002000617096200586,0.0,0.0,[]
gen_DE0_29_0_onwind,DE0_29,8102.18310546875,0.0,17700.658203125,q_min,-3594.27197265625,q_max,3594.27197265625,av_mode,constq,1.0,8102.18310546875,-5.684341886080802e-14,0.0,[]
gen_DE0_29_0_solar,DE0_29,-0.0,0.0,1746.317138671875,q_min,-354.6048278808594,q_max,354.6048278808594,av_mode,constq,1.0,0.0,0.0,0.0,[]
gen_DE0_29_0_solar-hsat,DE0_29,-0.0,0.0,1.0,q_min,-0.03560705855488777,q_max,0.03560705855488777,av_mode,constq,1.0,0.0,0.0,0.0,[]
gen_DE0_29_CCGT,DE0_29,0.004200557246804237,0.0,438.17755126953125,q_min,-88.97574615478516,q_max,88.97574615478516,av_mode,constq,1.0,0.004200557246804237,-5.421010862427522e-20,0.0,[]
gen_DE0_29_OCGT,DE0_29,0.0028718982357531786,0.0,217.36917114257812,q_min,-44.138694763183594,q_max,44.138694763183594,av_mode,constq,1.0,0.0028718982357531786,-2.710505431213761e-20,0.0,[]
gen_DE0_29_biomass,DE0_29,497.1222839355469,0.0,497.2646789550781,q_min,-100.9738998413086,q_max,100.9738998413086,av_mode,constv,1.0,497.12228409448596,293.9597894323551,0.0,[]
gen_DE0_29_oil,DE0_29,0.0016162507236003876,0.0,78.35759735107422,q_min,-15.911189079284668,q_max,15.911189079284668,av_mode,constq,1.0,0.0016162507236003876,0.0,0.0,[]
gen_DE0_29_ror,DE0_29,1.0312188863754272,0.0,2.444999933242798,q_min,-0.49647843837738037,q_max,0.49647843837738037,av_mode,constq,1.0,1.0312188863754272,-6.938893903907228e-18,0.0,[]
gen_DE0_29_waste,DE0_29,0.012556511908769608,0.0,72.87200164794922,q_min,-14.797290802001953,q_max,14.797290802001953,av_mode,constq,1.0,0.01255651190876961,-1.0842021724855044e-19,0.0,[]
gen_DE0_2_0_onwind,DE0_2,1079.9854736328125,0.0,4865.42041015625,q_min,-987.9657592773438,q_max,987.9657592773438,av_mode,constq,1.0,1079.9854736328125,0.0,0.0,[]
gen_DE0_2_0_solar,DE0_2,-0.0,0.0,3969.787841796875,q_min,-806.0997924804688,q_max,806.0997924804688,av_mode,constq,1.0,0.0,0.0,0.0,[]
gen_DE0_2_0_solar-hsat,DE0_2,-0.0,0.0,1.0,q_min,-0.024634039029479027,q_max,0.024634039029479027,av_mode,constq,1.0,0.0,0.0,0.0,[]
gen_DE0_2_CCGT,DE0_2,0.00501625332981348,0.0,1688.66796875,q_min,-342.898681640625,q_max,342.898681640625,av_mode,constv,1.0,0.00501621670247232,744.7903777846145,0.0,[]
gen_DE0_2_OCGT,DE0_2,0.0035165275912731886,0.0,287.1330261230469,q_min,-58.30484390258789,q_max,58.30484390258789,av_mode,constq,1.0,0.003516527591273189,0.0,0.0,[]
gen_DE0_2_biomass,DE0_2,311.904296875,0.0,311.9490051269531,q_min,-63.34394454956055,q_max,63.34394454956055,av_mode,constq,1.0,311.904296875,0.0,0.0,[]
gen_DE0_2_coal,DE0_2,0.07449962943792343,0.0,9.5,q_min,-1.929057240486145,q_max,1.929057240486145,av_mode,constq,1.0,0.07449962943792343,0.0,0.0,[]
gen_DE0_2_oil,DE0_2,0.0016592845786362886,0.0,157.693603515625,q_min,-32.02104949951172,q_max,32.02104949951172,av_mode,constq,1.0,0.0016592845786362886,1.0842021724855044e-19,0.0,[]
gen_DE0_2_ror,DE0_2,0.27796995639801025,0.0,1.0,q_min,-0.13564318418502808,q_max,0.13564318418502808,av_mode,constq,1.0,0.27796995639801025,2.7755575615628914e-17,0.0,[]
gen_DE0_2_waste,DE0_2,0.015588466078042984,0.0,128.67100524902344,q_min,-26.127761840820312,q_max,26.127761840820312,av_mode,constq,1.0,0.015588466078042984,0.0,0.0,[]
gen_DE0_30_0_onwind,DE0_30,1514.016357421875,0.0,3222.284912109375,q_min,-654.3128662109375,q_max,654.3128662109375,av_mode,constq,1.0,1514.0163574218752,-1.1368683772161603e-13,0.0,[]
gen_DE0_30_0_solar,DE0_30,-0.0,0.0,763.1063232421875,q_min,-154.95535278320312,q_max,154.95535278320312,av_mode,constq,1.0,0.0,0.0,0.0,[]
gen_DE0_30_0_solar-hsat,DE0_30,-0.0,0.0,1.0,q_min,-0.027391429990530014,q_max,0.027391429990530014,av_mode,constq,1.0,0.0,0.0,0.0,[]
gen_DE0_30_CCGT,DE0_30,0.0034980543423444033,0.0,155.529052734375,q_min,-31.581520080566406,q_max,31.581520080566406,av_mode,constq,1.0,0.003498054342344404,-2.168404344971009e-19,0.0,[]
gen_DE0_30_OCGT,DE0_30,0.0035989750176668167,0.0,213.7369842529297,q_min,-43.401145935058594,q_max,43.401145935058594,av_mode,constq,1.0,0.0035989750176668176,-2.168404344971009e-19,0.0,[]
gen_DE0_30_biomass,DE0_30,237.66140747070312,0.0,237.7310028076172,q_min,-48.273338317871094,q_max,48.273338317871094,av_mode,constv,1.0,237.66140766834036,1238.5931257304405,0.0,[]
gen_DE0_30_coal,DE0_30,0.04387281462550163,0.0,4.077000141143799,q_min,-0.8278701305389404,q_max,0.8278701305389404,av_mode,constq,1.0,0.04387281462550164,3.469446951953614e-18,0.0,[]
gen_DE0_30_oil,DE0_30,0.00163376540876925,0.0,58.334800720214844,q_min,-11.845386505126953,q_max,11.845386505126953,av_mode,constq,1.0,0.0016337654087692501,0.0,0.0,[]
gen_DE0_30_ror,DE0_30,2.8165664672851562,0.0,6.6479997634887695,q_min,-1.3499339818954468,q_max,1.3499339818954468,av_mode,constq,1.0,2.8165664672851567,2.220446049250313e-16,0.0,[]
gen_DE0_30_waste,DE0_30,0.013826141133904457,0.0,90.0999984741211,q_min,-18.29558563232422,q_max,18.29558563232422,av_mode,constq,1.0,0.013826141133904459,0.0,0.0,[]
gen_DE0_31_0_onwind,DE0_31,752.5097045898438,0.0,1452.150390625,q_min,-294.8717041015625,q_max,294.8717041015625,av_mode,constq,1.0,752.5097045898438,-5.684341886080802e-14,0.0,[]
gen_DE0_31_0_solar,DE0_31,-0.0,0.0,613.5267333984375,q_min,-124.58191680908203,q_max,124.58191680908203,av_mode,constq,1.0,0.0,0.0,0.0,[]
gen_DE0_31_0_solar-hsat,DE0_31,-0.0,0.0,1.0,q_min,-0.02723630703985691,q_max,0.02723630703985691,av_mode,constq,1.0,0.0,0.0,0.0,[]
gen_DE0_31_CCGT,DE0_31,0.0037816178519278765,0.0,309.5000305175781,q_min,-62.84666442871094,q_max,62.84666442871094,av_mode,constv,1.0,0.003781551515260162,347.35573536110905,0.0,[]
gen_DE0_31_OCGT,DE0_31,0.0034815999679267406,0.0,24.73654556274414,q_min,-5.022969722747803,q_max,5.022969722747803,av_mode,constq,1.0,0.0034815999679267406,2.168404344971009e-19,0.0,[]
gen_DE0_31_biomass,DE0_31,111.65657043457031,0.0,111.7040023803711,q_min,-22.682464599609375,q_max,22.682464599609375,av_mode,constq,1.0,111.6565704345703,0.0,0.0,[]
gen_DE0_31_oil,DE0_31,0.0016528117703273892,0.0,86.52100372314453,q_min,-17.568838119506836,q_max,17.568838119506836,av_mode,constq,1.0,0.0016528117703273892,0.0,0.0,[]
gen_DE0_31_waste,DE0_31,0.015009993687272072,0.0,37.5,q_min,-7.614699840545654,q_max,7.614699840545654,av_mode,constq,1.0,0.015009993687272068,0.0,0.0,[]
gen_DE0_32_0_onwind,DE0_32,71.97197723388672,0.0,680.6503295898438,q_min,-138.21194458007812,q_max,138.21194458007812,av_mode,constq,1.0,71.9719772338867,0.0,0.0,[]
gen_DE0_32_0_solar,DE0_32,-0.0,0.0,805.8521118164062,q_min,-163.63525390625,q_max,163.63525390625,av_mode,constq,1.0,0.0,0.0,0.0,[]
gen_DE0_32_0_solar-hsat,DE0_32,-0.0,0.0,1.0,q_min,-0.037389084696769714,q_max,0.037389084696769714,av_mode,constq,1.0,0.0,0.0,0.0,[]
gen_DE0_32_CCGT,DE0_32,0.004982214421033859,0.0,182.29505920410156,q_min,-37.0165901184082,q_max,37.0165901184082,av_mode,constq,1.0,0.004982214421033859,-2.710505431213761e-20,0.0,[]
gen_DE0_32_OCGT,DE0_32,0.0036381359677761793,0.0,418.4335021972656,q_min,-84.96654510498047,q_max,84.96654510498047,av_mode,constq,1.0,0.003638135967776179,-1.3552527156068805e-20,0.0,[]
gen_DE0_32_biomass,DE0_32,167.8961944580078,0.0,167.92750549316406,q_min,-34.0991325378418,q_max,34.0991325378418,av_mode,constq,1.0,167.89619445800778,-8.881784197001252e-16,0.0,[]
gen_DE0_32_coal,DE0_32,1538.9014892578125,0.0,1539.0,q_min,-312.5072937011719,q_max,312.5072937011719,av_mode,constv,1.0,1538.9014893928907,1183.362702189451,0.0,[]
gen_DE0_32_oil,DE0_32,0.0016870051622390747,0.0,293.0436706542969,q_min,-59.50505447387695,q_max,59.50505447387695,av_mode,constq,1.0,0.0016870051622390745,0.0,0.0,[]
gen_DE0_32_ror,DE0_32,47.29900360107422,0.0,111.36466979980469,q_min,-22.613561630249023,q_max,22.613561630249023,av_mode,constq,1.0,47.29900360107422,0.0,0.0,[]
gen_DE0_32_waste,DE0_32,0.01833280548453331,0.0,194.83700561523438,q_min,-39.56333923339844,q_max,39.56333923339844,av_mode,constq,1.0,0.018332805484533306,0.0,0.0,[]
gen_DE0_33_0_onwind,DE0_33,301.43988037109375,0.0,980.4822998046875,q_min,-199.09542846679688,q_max,199.09542846679688,av_mode,constq,1.0,301.43988037109375,-1.4210854715202004e-14,0.0,[]
gen_DE0_33_0_solar,DE0_33,-0.0,0.0,1178.8790283203125,q_min,-239.381591796875,q_max,239.381591796875,av_mode,constq,1.0,0.0,0.0,0.0,[]
gen_DE0_33_0_solar-hsat,DE0_33,-0.0,0.0,1.0,q_min,-0.03440262749791145,q_max,0.03440262749791145,av_mode,constq,1.0,0.0,0.0,0.0,[]
gen_DE0_33_CCGT,DE0_33,0.004076269920915365,0.0,95.21060180664062,q_min,-19.333337783813477,q_max,19.333337783813477,av_mode,constq,1.0,0.004076269920915365,-2.168404344971009e-19,0.0,[]
gen_DE0_33_OCGT,DE0_33,0.003482248168438673,0.0,72.93756103515625,q_min,-14.810603141784668,q_max,14.810603141784668,av_mode,constq,1.0,0.003482248168438673,-1.0842021724855044e-19,0.0,[]
gen_DE0_33_biomass,DE0_33,223.2701873779297,0.0,223.32000732421875,q_min,-45.34706115722656,q_max,45.34706115722656,av_mode,constv,1.0,223.27018728712923,365.80020247237456,0.0,[]
gen_DE0_33_coal,DE0_33,0.05541541054844856,0.0,3.25,q_min,-0.6599406599998474,q_max,0.6599406599998474,av_mode,constq,1.0,0.05541541054844857,1.734723475976807e-18,0.0,[]
gen_DE0_33_oil,DE0_33,0.0016496279276907444,0.0,60.25559997558594,q_min,-12.235421180725098,q_max,12.235421180725098,av_mode,constq,1.0,0.0016496279276907444,5.421010862427522e-20,0.0,[]
gen_DE0_33_ror,DE0_33,6.38759708404541,0.0,15.054499626159668,q_min,-3.0569465160369873,q_max,3.0569465160369873,av_mode,constq,1.0,6.38759708404541,0.0,0.0,[]
gen_DE0_33_waste,DE0_33,0.014229066669940948,0.0,7.585000038146973,q_min,-1.5401999950408936,q_max,1.5401999950408936,av_mode,constq,1.0,0.01422906666994095,4.336808689942018e-19,0.0,[]
gen_DE0_34_0_offwind-ac,DE0_34,831.0313720703125,0.0,1828.2249755859375,q_min,-371.2369079589844,q_max,371.2369079589844,av_mode,constq,1.0,831.0313720703125,0.0,0.0,[]
gen_DE0_34_0_offwind-dc,DE0_34,161.66433715820312,0.0,255.08485412597656,q_min,-51.79719161987305,q_max,51.79719161987305,av_mode,constq,1.0,161.66433715820312,0.0,0.0,[]
gen_DE0_34_0_offwind-float,DE0_34,0.0008709744433872402,0.0,1.0,q_min,-0.0015497022541239858,q_max,0.0015497022541239858,av_mode,constq,1.0,0.0008709744433872402,5.421010862427522e-20,0.0,[]
gen_DE0_34_0_onwind,DE0_34,2289.84130859375,0.0,15009.8369140625,q_min,-3047.87744140625,q_max,3047.87744140625,av_mode,constq,1.0,2289.84130859375,0.0,0.0,[]
gen_DE0_34_0_solar,DE0_34,-0.0,0.0,2115.992431640625,q_min,-429.67059326171875,q_max,429.67059326171875,av_mode,constq,1.0,0.0,0.0,0.0,[]
gen_DE0_34_0_solar-hsat,DE0_34,-0.0,0.0,1.0,q_min,-0.02715718373656273,q_max,0.02715718373656273,av_mode,constq,1.0,0.0,0.0,0.0,[]
gen_DE0_34_CCGT,DE0_34,0.004210738930851221,0.0,131.4850616455078,q_min,-26.699180603027344,q_max,26.699180603027344,av_mode,constq,1.0,0.004210738930851221,0.0,0.0,[]
gen_DE0_34_OCGT,DE0_34,0.003509105648845434,0.0,39.4721794128418,q_min,-8.015168190002441,q_max,8.015168190002441,av_mode,constq,1.0,0.003509105648845434,2.168404344971009e-19,0.0,[]
gen_DE0_34_biomass,DE0_34,196.11105346679688,0.0,196.15480041503906,q_min,-39.8309326171875,q_max,39.8309326171875,av_mode,constq,1.0,196.11105346679688,1.4210854715202004e-14,0.0,[]
gen_DE0_34_oil,DE0_34,0.0017123068682849407,0.0,350.2596130371094,q_min,-71.12324523925781,q_max,71.12324523925781,av_mode,constv,1.0,0.0017121543986604593,778.5749194387861,0.0,[]
gen_DE0_34_waste,DE0_34,0.013956548646092415,0.0,2.2269999980926514,q_min,-0.4522116482257843,q_max,0.4522116482257843,av_mode,constq,1.0,0.013956548646092415,8.673617379884035e-19,0.0,[]
gen_DE0_35_0_onwind,DE0_35,4.801314353942871,0.0,378.3805236816406,q_min,-76.83344268798828,q_max,76.83344268798828,av_mode,constq,1.0,4.80131435394287,0.0,0.0,[]
gen_DE0_35_0_solar,DE0_35,-0.0,0.0,14446.4609375,q_min,-2933.47900390625,q_max,2933.47900390625,av_mode,constq,1.0,0.0,0.0,0.0,[]
gen_DE0_35_0_solar-hsat,DE0_35,-0.0,0.0,1.0,q_min,-0.032075125724077225,q_max,0.032075125724077225,av_mode,constq,1.0,0.0,0.0,0.0,[]
gen_DE0_35_CCGT,DE0_35,0.006260956637561321,0.0,4.886496067047119,q_min,-0.9922453761100769,q_max,0.9922453761100769,av_mode,constq,1.0,0.00626095663756132,0.0,0.0,[]
gen_DE0_35_OCGT,DE0_35,0.0037010142114013433,0.0,52.152732849121094,q_min,-10.59006404876709,q_max,10.59006404876709,av_mode,constq,1.0,0.003701014211401343,0.0,0.0,[]
gen_DE0_35_biomass,DE0_35,168.64370727539062,0.0,168.67034912109375,q_min,-34.249977111816406,q_max,34.249977111816406,av_mode,constv,1.0,168.64370727590673,481.9685488707423,0.0,[]
gen_DE0_35_oil,DE0_35,0.0016918302280828357,0.0,26.392000198364258,q_min,-5.359124183654785,q_max,5.359124183654785,av_mode,constq,1.0,0.0016918302280828357,0.0,0.0,[]
gen_DE0_35_ror,DE0_35,8.960408210754395,0.0,21.109399795532227,q_min,-4.286446571350098,q_max,4.286446571350098,av_mode,constq,1.0,8.960408210754393,0.0,0.0,[]
gen_DE0_3_0_onwind,DE0_3,33.47480010986328,0.0,253.6244659423828,q_min,-51.50064468383789,q_max,51.50064468383789,av_mode,constq,1.0,33.474800109863274,1.1102230246251565e-16,0.0,[]
gen_DE0_3_0_solar,DE0_3,-0.0,0.0,11889.24609375,q_min,-2414.21435546875,q_max,2414.21435546875,av_mode,constq,1.0,0.0,0.0,0.0,[]
gen_DE0_3_0_solar-hsat,DE0_3,-0.0,0.0,1.0,q_min,-0.034222040325403214,q_max,0.034222040325403214,av_mode,constq,1.0,0.0,0.0,0.0,[]
gen_DE0_3_CCGT,DE0_3,0.00668708560988307,0.0,1868.781005859375,q_min,-379.47216796875,q_max,379.47216796875,av_mode,constv,1.0,0.006687019232771263,639.0085920091599,0.0,[]
gen_DE0_3_OCGT,DE0_3,0.0036037180107086897,0.0,419.45416259765625,q_min,-85.17379760742188,q_max,85.17379760742188,av_mode,constq,1.0,0.00360371801070869,0.0,0.0,[]
gen_DE0_3_biomass,DE0_3,271.7095947265625,0.0,271.7333068847656,q_min,-55.177799224853516,q_max,55.177799224853516,av_mode,constq,1.0,271.70959472656256,-8.881784197001252e-16,0.0,[]
gen_DE0_3_coal,DE0_3,471.9708251953125,0.0,472.0,q_min,-95.84368896484375,q_max,95.84368896484375,av_mode,constq,1.0,471.97082519531256,0.0,0.0,[]
gen_DE0_3_geothermal,DE0_3,11.093636512756348,0.0,11.100000381469727,q_min,-2.253951072692871,q_max,2.253951072692871,av_mode,constq,1.0,11.09363651275635,-5.551115123125783e-17,0.0,[]
gen_DE0_3_oil,DE0_3,0.001731608877889812,0.0,1081.50390625,q_min,-219.60873413085938,q_max,219.60873413085938,av_mode,constq,1.0,0.001731608877889812,6.776263578034403e-21,0.0,[]
gen_DE0_3_ror,DE0_3,278.6138916015625,0.0,655.9105224609375,q_min,-133.1883087158203,q_max,133.1883087158203,av_mode,constq,1.0,278.6138916015625,0.0,0.0,[]
gen_DE0_3_waste,DE0_3,0.022491810843348503,0.0,107.3759994506836,q_min,-21.803627014160156,q_max,21.803627014160156,av_mode,constq,1.0,0.022491810843348503,0.0,0.0,[]
gen_DE0_4_0_onwind,DE0_4,1112.1885986328125,0.0,3155.23046875,q_min,-640.6968994140625,q_max,640.6968994140625,av_mode,constq,1.0,1112.1885986328125,1.1368683772161603e-13,0.0,[]
gen_DE0_4_0_solar,DE0_4,-0.0,0.0,841.9928588867188,q_min,-170.97393798828125,q_max,170.97393798828125,av_mode,constq,1.0,0.0,0.0,0.0,[]
gen_DE0_4_0_solar-hsat,DE0_4,-0.0,0.0,1.0,q_min,-0.030875975266098976,q_max,0.030875975266098976,av_mode,constq,1.0,0.0,0.0,0.0,[]
gen_DE0_4_CCGT,DE0_4,0.004982416983693838,0.0,4791.244140625,q_min,-972.903564453125,q_max,972.903564453125,av_mode,constq,1.0,0.004982416983693839,0.0,0.0,[]
gen_DE0_4_OCGT,DE0_4,0.003110583173111081,0.0,310.89117431640625,q_min,-63.12914276123047,q_max,63.12914276123047,av_mode,constq,1.0,0.003110583173111081,2.168404344971009e-19,0.0,[]
gen_DE0_4_biomass,DE0_4,134.73670959472656,0.0,134.78399658203125,q_min,-27.36905860900879,q_max,27.36905860900879,av_mode,constq,1.0,134.73670959472656,-1.4210854715202004e-14,0.0,[]
gen_DE0_4_lignite,DE0_4,0.06348077207803726,0.0,7402.9208984375,q_min,-1503.2271728515625,q_max,1503.2271728515625,av_mode,constv,1.0,0.06350321127956704,3267.7881519861,0.0,[]
gen_DE0_4_oil,DE0_4,0.0016771828522905707,0.0,456.8811950683594,q_min,-92.773681640625,q_max,92.773681640625,av_mode,constq,1.0,0.001677182852290571,0.0,0.0,[]
gen_DE0_4_ror,DE0_4,4.275511264801025,0.0,10.081999778747559,q_min,-2.0472373962402344,q_max,2.0472373962402344,av_mode,constq,1.0,4.275511264801026,0.0,0.0,[]
gen_DE0_4_waste,DE0_4,0.015336438082158566,0.0,392.6099853515625,q_min,-79.72286224365234,q_max,79.72286224365234,av_mode,constq,1.0,0.015336438082158566,-8.673617379884035e-19,0.0,[]
gen_DE0_5_0_offwind-ac,DE0_5,0.004882137756794691,0.0,1.0,q_min,-0.001763909705914557,q_max,0.001763909705914557,av_mode,constq,1.0,0.004882137756794691,-2.168404344971009e-19,0.0,[]
gen_DE0_5_0_offwind-float,DE0_5,0.002616132842376828,0.0,1.0,q_min,-0.0015152445994317532,q_max,0.0015152445994317532,av_mode,constq,1.0,0.002616132842376828,1.0842021724855044e-19,0.0,[]
gen_DE0_5_0_onwind,DE0_5,2791.82958984375,0.0,5381.4404296875,q_min,-1092.748046875,q_max,1092.748046875,av_mode,constq,1.0,2791.82958984375,0.0,0.0,[]
gen_DE0_5_0_solar,DE0_5,-0.0,0.0,736.3380126953125,q_min,-149.51980590820312,q_max,149.51980590820312,av_mode,constq,1.0,0.0,0.0,0.0,[]
gen_DE0_5_0_solar-hsat,DE0_5,-0.0,0.0,1.0,q_min,-0.033098265528678894,q_max,0.033098265528678894,av_mode,constq,1.0,0.0,0.0,0.0,[]
gen_DE0_5_CCGT,DE0_5,0.005443169269710779,0.0,767.5411376953125,q_min,-155.8558807373047,q_max,155.8558807373047,av_mode,constv,1.0,0.005443127651915347,2494.212766063374,0.0,[]
gen_DE0_5_OCGT,DE0_5,0.0033993220422416925,0.0,206.45120239257812,q_min,-41.92170715332031,q_max,41.92170715332031,av_mode,constq,1.0,0.003399322042241693,0.0,0.0,[]
gen_DE0_5_biomass,DE0_5,347.4084777832031,0.0,347.4884948730469,q_min,-70.560546875,q_max,70.560546875,av_mode,constq,1.0,347.4084777832031,0.0,0.0,[]
gen_DE0_5_coal,DE0_5,0.03451954573392868,0.0,34.900001525878906,q_min,-7.086747169494629,q_max,7.086747169494629,av_mode,constq,1.0,0.03451954573392868,0.0,0.0,[]
gen_DE0_5_oil,DE0_5,0.0016324801836162806,0.0,146.53695678710938,q_min,-29.755598068237305,q_max,29.755598068237305,av_mode,constq,1.0,0.0016324801836162806,5.421010862427522e-20,0.0,[]
gen_DE0_5_ror,DE0_5,0.9359992146492004,0.0,2.2200000286102295,q_min,-0.4507902264595032,q_max,0.4507902264595032,av_mode,constq,1.0,0.9359992146492006,0.0,0.0,[]
gen_DE0_5_waste,DE0_5,0.013480044901371002,0.0,73.31600189208984,q_min,-14.88744831085205,q_max,14.88744831085205,av_mode,constq,1.0,0.013480044901371004,0.0,0.0,[]
gen_DE0_6_0_onwind,DE0_6,234.31813049316406,0.0,1140.1021728515625,q_min,-231.50762939453125,q_max,231.50762939453125,av_mode,constq,1.0,234.31813049316406,0.0,0.0,[]
gen_DE0_6_0_solar,DE0_6,-0.0,0.0,2554.732666015625,q_min,-518.7606201171875,q_max,518.7606201171875,av_mode,constq,1.0,0.0,0.0,0.0,[]
gen_DE0_6_0_solar-hsat,DE0_6,-0.0,0.0,1.0,q_min,-0.03709401190280914,q_max,0.03709401190280914,av_mode,constq,1.0,0.0,0.0,0.0,[]
gen_DE0_6_CCGT,DE0_6,0.004132604692131281,0.0,1198.8289794921875,q_min,-243.4326171875,q_max,243.4326171875,av_mode,constv,1.0,0.0041321262750102505,894.3671517850835,0.0,[]
gen_DE0_6_OCGT,DE0_6,0.003571458626538515,0.0,113.32242584228516,q_min,-23.011098861694336,q_max,23.011098861694336,av_mode,constq,1.0,0.0035714586265385147,1.0842021724855044e-19,0.0,[]
gen_DE0_6_biomass,DE0_6,296.89801025390625,0.0,296.93499755859375,q_min,-60.295223236083984,q_max,60.295223236083984,av_mode,constq,1.0,296.8980102539062,-1.4210854715202004e-14,0.0,[]
gen_DE0_6_lignite,DE0_6,0.04099801555275917,0.0,1.8600000143051147,q_min,-0.3776891231536865,q_max,0.3776891231536865,av_mode,constq,1.0,0.040998015552759164,-8.673617379884035e-19,0.0,[]
gen_DE0_6_oil,DE0_6,0.0016716484678909183,0.0,129.7772979736328,q_min,-26.352405548095703,q_max,26.352405548095703,av_mode,constq,1.0,0.0016716484678909183,5.421010862427522e-20,0.0,[]
gen_DE0_6_ror,DE0_6,19.226612091064453,0.0,45.27880096435547,q_min,-9.194252014160156,q_max,9.194252014160156,av_mode,constq,1.0,19.226612091064453,-4.440892098500626e-16,0.0,[]
gen_DE0_6_waste,DE0_6,0.016658317297697067,0.0,56.22200012207031,q_min,-11.416363716125488,q_max,11.416363716125488,av_mode,constq,1.0,0.016658317297697064,-4.336808689942018e-19,0.0,[]
gen_DE0_7_0_onwind,DE0_7,3.061647891998291,0.0,81.71139526367188,q_min,-16.592206954956055,q_max,16.592206954956055,av_mode,constq,1.0,3.061647891998291,0.0,0.0,[]
gen_DE0_7_0_solar,DE0_7,-0.0,0.0,9409.01171875,q_min,-1910.581298828125,q_max,1910.581298828125,av_mode,constq,1.0,0.0,0.0,0.0,[]
gen_DE0_7_0_solar-hsat,DE0_7,-0.0,0.0,1.0,q_min,-0.03490594029426575,q_max,0.03490594029426575,av_mode,constq,1.0,0.0,0.0,0.0,[]
gen_DE0_7_CCGT,DE0_7,0.003619858995079994,0.0,105.79707336425781,q_min,-21.483013153076172,q_max,21.483013153076172,av_mode,constv,1.0,0.003619310322735103,579.9751647360443,0.0,[]
gen_DE0_7_OCGT,DE0_7,0.003626967314630747,0.0,45.6246223449707,q_min,-9.264474868774414,q_max,9.264474868774414,av_mode,constq,1.0,0.0036269673146307464,0.0,0.0,[]
gen_DE0_7_biomass,DE0_7,49.99937057495117,0.0,50.029998779296875,q_min,-10.159025192260742,q_max,10.159025192260742,av_mode,constq,1.0,49.99937057495117,0.0,0.0,[]
gen_DE0_7_oil,DE0_7,0.0016829881351441145,0.0,67.97010803222656,q_min,-13.801919937133789,q_max,13.801919937133789,av_mode,constq,1.0,0.0016829881351441145,6.776263578034403e-21,0.0,[]
gen_DE0_7_ror,DE0_7,7.320998668670654,0.0,17.250499725341797,q_min,-3.5028634071350098,q_max,3.5028634071350098,av_mode,constq,1.0,7.320998668670653,-2.7755575615628914e-17,0.0,[]
gen_DE0_7_waste,DE0_7,0.01756168156862259,0.0,12.479999542236328,q_min,-2.5341720581054688,q_max,2.5341720581054688,av_mode,constq,1.0,0.017561681568622586,0.0,0.0,[]
gen_DE0_8_0_onwind,DE0_8,720.3886108398438,0.0,1920.0018310546875,q_min,-389.8730163574219,q_max,389.8730163574219,av_mode,constq,1.0,720.3886108398438,0.0,0.0,[]
gen_DE0_8_0_solar,DE0_8,-0.0,0.0,2394.6904296875,q_min,-486.2626037597656,q_max,486.2626037597656,av_mode,constq,1.0,0.0,0.0,0.0,[]
gen_DE0_8_0_solar-hsat,DE0_8,-0.0,0.0,1.0,q_min,-0.02799524925649166,q_max,0.02799524925649166,av_mode,constq,1.0,0.0,0.0,0.0,[]
gen_DE0_8_CCGT,DE0_8,0.005402920767664909,0.0,1553.927734375,q_min,-315.5384826660156,q_max,315.5384826660156,av_mode,constq,1.0,0.0054029207676649085,-2.168404344971009e-19,0.0,[]
gen_DE0_8_OCGT,DE0_8,0.003525666892528534,0.0,172.68609619140625,q_min,-35.065406799316406,q_max,35.065406799316406,av_mode,constq,1.0,0.0035256668925285335,0.0,0.0,[]
gen_DE0_8_biomass,DE0_8,183.16168212890625,0.0,183.2046356201172,q_min,-37.20128631591797,q_max,37.20128631591797,av_mode,constq,1.0,183.16168212890625,-7.105427357601002e-15,0.0,[]
gen_DE0_8_lignite,DE0_8,1783.1353759765625,0.0,1785.2550048828125,q_min,-362.511474609375,q_max,362.511474609375,av_mode,constv,1.0,1783.1353759819604,821.792193157095,0.0,[]
gen_DE0_8_oil,DE0_8,0.00165813066996634,0.0,63.04460144042969,q_min,-12.801752090454102,q_max,12.801752090454102,av_mode,constq,1.0,0.00165813066996634,0.0,0.0,[]
gen_DE0_8_ror,DE0_8,28.77687644958496,0.0,67.76200103759766,q_min,-13.759660720825195,q_max,13.759660720825195,av_mode,constq,1.0,28.77687644958496,0.0,0.0,[]
gen_DE0_8_waste,DE0_8,0.015523654408752918,0.0,33.53900146484375,q_min,-6.810384273529053,q_max,6.810384273529053,av_mode,constq,1.0,0.015523654408752918,0.0,0.0,[]
gen_DE0_9_0_onwind,DE0_9,957.1588745117188,0.0,4123.39453125,q_min,-837.2909545898438,q_max,837.2909545898438,av_mode,constq,1.0,957.1588745117189,-1.1368683772161603e-13,0.0,[]
gen_DE0_9_0_solar,DE0_9,-0.0,0.0,7216.1103515625,q_min,-1465.293701171875,q_max,1465.293701171875,av_mode,constq,1.0,0.0,0.0,0.0,[]
gen_DE0_9_0_solar-hsat,DE0_9,-0.0,0.0,1.0,q_min,-0.03357287496328354,q_max,0.03357287496328354,av_mode,constq,1.0,0.0,0.0,0.0,[]
gen_DE0_9_CCGT,DE0_9,0.0052957418374717236,0.0,2991.26611328125,q_min,-607.4024658203125,q_max,607.4024658203125,av_mode,constq,1.0,0.005295741837471724,0.0,0.0,[]
gen_DE0_9_OCGT,DE0_9,0.0034258791711181402,0.0,261.4002990722656,q_min,-53.079593658447266,q_max,53.079593658447266,av_mode,constq,1.0,0.003425879171118141,0.0,0.0,[]
gen_DE0_9_biomass,DE0_9,240.0738983154297,0.0,240.1408233642578,q_min,-48.76267623901367,q_max,48.76267623901367,av_mode,constq,1.0,240.07389831542974,0.0,0.0,[]
gen_DE0_9_coal,DE0_9,0.05272093787789345,0.0,3034.221923828125,q_min,-616.1250610351562,q_max,616.1250610351562,av_mode,constv,1.0,0.05272087798903158,3639.892217555523,0.0,[]
gen_DE0_9_oil,DE0_9,0.0016391923418268561,0.0,178.4627227783203,q_min,-36.2384033203125,q_max,36.2384033203125,av_mode,constq,1.0,0.0016391923418268564,1.0842021724855044e-19,0.0,[]
gen_DE0_9_ror,DE0_9,10.789052963256836,0.0,25.41699981689453,q_min,-5.161141872406006,q_max,5.161141872406006,av_mode,constq,1.0,10.789052963256836,8.881784197001252e-16,0.0,[]
gen_DE0_9_waste,DE0_9,0.013986554928123951,0.0,147.2570037841797,q_min,-29.901809692382812,q_max,29.901809692382812,av_mode,constq,1.0,0.013986554928123953,8.673617379884035e-19,0.0,[]
gen_DK0_0_0_offwind-ac,DK0_0,602.9982299804688,0.0,1602.5999755859375,q_min,-325.42181396484375,q_max,325.42181396484375,av_mode,constq,1.0,602.9982299804688,7.105427357601002e-15,0.0,[]
gen_DK0_0_0_offwind-dc,DK0_0,4757.701171875,0.0,6021.67333984375,q_min,-1222.7529296875,q_max,1222.7529296875,av_mode,constq,1.0,4757.701171875,5.684341886080802e-14,0.0,[]
gen_DK0_0_0_offwind-float,DK0_0,0.0021210217382758856,0.0,1.0,q_min,-0.0013934422750025988,q_max,0.0013934422750025988,av_mode,constq,1.0,0.002121021738275886,0.0,0.0,[]
gen_DK0_0_0_onwind,DK0_0,381.5066223144531,0.0,1777.7001953125,q_min,-360.9774169921875,q_max,360.9774169921875,av_mode,constq,1.0,381.50662231445307,-7.105427357601002e-15,0.0,[]
gen_DK0_0_0_solar,DK0_0,-0.0,0.0,2529.5,q_min,-513.6369018554688,q_max,513.6369018554688,av_mode,constq,1.0,-0.0,0.0,0.0,[]
gen_DK0_0_0_solar-hsat,DK0_0,-0.0,0.0,1.0,q_min,-0.006234279368072748,q_max,0.006234279368072748,av_mode,constq,1.0,-0.0,0.0,0.0,[]
gen_DK0_0_CCGT,DK0_0,0.005410404875874519,0.0,775.2000122070312,q_min,-157.4110870361328,q_max,157.4110870361328,av_mode,constv,1.0,0.005410404877565611,-216.46215745817742,0.0,[]
gen_DK0_0_biomass,DK0_0,660.8555297851562,0.0,661.0,q_min,-134.22177124023438,q_max,134.22177124023438,av_mode,constq,1.0,660.8555297851561,0.0,0.0,[]
gen_DK0_0_waste,DK0_0,0.012510939501225948,0.0,51.0,q_min,-10.35599136352539,q_max,10.35599136352539,av_mode,constq,1.0,0.012510939501225948,2.168404344971009e-19,0.0,[]
gen_DK1_0_0_offwind-ac,DK1_0,615.8499755859375,0.0,1050.0,q_min,-213.2115936279297,q_max,213.2115936279297,av_mode,constq,1.0,615.8499755859375,0.0,0.0,[]
gen_DK1_0_0_offwind-dc,DK1_0,349.48675537109375,0.0,978.3267822265625,q_min,-198.65771484375,q_max,198.65771484375,av_mode,constq,1.0,349.48675537109375,0.0,0.0,[]
gen_DK1_0_0_offwind-float,DK1_0,0.0009224240784533322,0.0,1.0,q_min,-0.0013998380163684487,q_max,0.0013998380163684487,av_mode,constq,1.0,0.0009224240784533322,0.0,0.0,[]
gen_DK1_0_0_onwind,DK1_0,101.42559814453125,0.0,209.00038146972656,q_min,-42.43933868408203,q_max,42.43933868408203,av_mode,constq,1.0,101.42559814453125,0.0,0.0,[]
gen_DK1_0_0_solar,DK1_0,-0.0,0.0,854.400146484375,q_min,-173.49334716796875,q_max,173.49334716796875,av_mode,constq,1.0,0.0,0.0,0.0,[]
gen_DK1_0_0_solar-hsat,DK1_0,-0.0,0.0,1.0,q_min,-0.006583679001778364,q_max,0.006583679001778364,av_mode,constq,1.0,0.0,0.0,0.0,[]
gen_DK1_0_CCGT,DK1_0,0.0053734867833554745,0.0,38.0001335144043,q_min,-7.716256141662598,q_max,7.716256141662598,av_mode,constq,1.0,0.0053734867833554745,0.0,0.0,[]
gen_DK1_0_biomass,DK1_0,1119.86083984375,0.0,1120.0,q_min,-227.4257049560547,q_max,227.4257049560547,av_mode,constq,1.0,1119.86083984375,0.0,0.0,[]
gen_DK1_0_oil,DK1_0,0.0016186368884518743,0.0,126.0,q_min,-25.585391998291016,q_max,25.585391998291016,av_mode,constq,1.0,0.0016186368884518743,0.0,0.0,[]
gen_DK1_0_waste,DK1_0,0.01262256596237421,0.0,102.0,q_min,-20.71198272705078,q_max,20.71198272705078,av_mode,constq,1.0,0.01262256596237421,0.0,0.0,[]
gen_FR0_0_0_offwind-ac,FR0_0,0.007953692227602005,0.0,1.0,q_min,-0.0026517456863075495,q_max,0.0026517456863075495,av_mode,constq,1.0,0.007953692227602005,-4.336808689942018e-19,0.0,[]
gen_FR0_0_0_offwind-dc,FR0_0,0.19013144075870514,0.0,1.0,q_min,-0.04506038501858711,q_max,0.04506038501858711,av_mode,constq,1.0,0.19013144075870514,-1.3877787807814457e-17,0.0,[]
gen_FR0_0_0_offwind-float,FR0_0,0.0043126377277076244,0.0,1.0,q_min,-0.0015983745688572526,q_max,0.0015983745688572526,av_mode,constq,1.0,0.0043126377277076244,0.0,0.0,[]
gen_FR0_0_0_onwind,FR0_0,3938.573486328125,0.0,5778.30029296875,q_min,-1173.3338623046875,q_max,1173.3338623046875,av_mode,constq,1.0,3938.573486328125,2.2737367544323206e-13,0.0,[]
gen_FR0_0_0_solar,FR0_0,-0.0,0.0,392.90118408203125,q_min,-79.78199005126953,q_max,79.78199005126953,av_mode,constq,1.0,0.0,0.0,0.0,[]
gen_FR0_0_0_solar-hsat,FR0_0,-0.0,0.0,1.0,q_min,-0.019830437377095222,q_max,0.019830437377095222,av_mode,constq,1.0,0.0,0.0,0.0,[]
gen_FR0_0_CCGT,FR0_0,0.006806898862123489,0.0,1984.0,q_min,-402.8683776855469,q_max,402.8683776855469,av_mode,constq,1.0,0.0068068988621234885,-4.336808689942018e-19,0.0,[]
gen_FR0_0_nuclear,FR0_0,497.4162902832031,0.0,5706.0,q_min,-1158.6527099609375,q_max,1158.6527099609375,av_mode,constv,1.0,497.41629047325614,2160.771015024221,0.0,[]
gen_FR0_10_0_onwind,FR0_10,1132.2418212890625,0.0,2446.400146484375,q_min,-496.7627258300781,q_max,496.7627258300781,av_mode,constq,1.0,1132.2418212890625,0.0,0.0,[]
gen_FR0_10_0_solar,FR0_10,-0.0,0.0,894.3009643554688,q_min,-181.59555053710938,q_max,181.59555053710938,av_mode,constq,1.0,0.0,0.0,0.0,[]
gen_FR0_10_0_solar-hsat,FR0_10,-0.0,0.0,1.0,q_min,-0.023866919800639153,q_max,0.023866919800639153,av_mode,constq,1.0,0.0,0.0,0.0,[]
gen_FR0_10_CCGT,FR0_10,0.00663655623793602,0.0,1576.7000732421875,q_min,-320.16259765625,q_max,320.16259765625,av_mode,constq,1.0,0.00663655623793602,0.0,0.0,[]
gen_FR0_10_biomass,FR0_10,31.015342712402344,0.0,31.038999557495117,q_min,-6.302737712860107,q_max,6.302737712860107,av_mode,constq,1.0,31.01534271240234,1.7763568394002505e-15,0.0,[]
gen_FR0_10_nuclear,FR0_10,4242.22998046875,0.0,5660.0,q_min,-1149.31201171875,q_max,1149.31201171875,av_mode,constv,1.0,4242.229981992212,7186.225283364453,0.0,[]
gen_FR0_10_oil,FR0_10,0.0017134653171524405,0.0,250.0,q_min,-50.76466369628906,q_max,50.76466369628906,av_mode,constq,1.0,0.0017134653171524405,0.0,0.0,[]
gen_FR0_10_waste,FR0_10,0.02198018878698349,0.0,116.0,q_min,-23.5548038482666,q_max,23.5548038482666,av_mode,constq,1.0,0.02198018878698349,0.0,0.0,[]
gen_FR0_11_0_onwind,FR0_11,768.260009765625,0.0,1835.60009765625,q_min,-372.7344970703125,q_max,372.7344970703125,av_mode,constq,1.0,768.2600097656249,5.684341886080802e-14,0.0,[]
gen_FR0_11_0_solar,FR0_11,-0.0,0.0,1516.9013671875,q_min,-308.01995849609375,q_max,308.01995849609375,av_mode,constq,1.0,0.0,0.0,0.0,[]
gen_FR0_11_0_solar-hsat,FR0_11,-0.0,0.0,1.0,q_min,-0.025619760155677795,q_max,0.025619760155677795,av_mode,constq,1.0,0.0,0.0,0.0,[]
gen_FR0_11_CCGT,FR0_11,0.006468252744525671,0.0,521.2000732421875,q_min,-105.83418273925781,q_max,105.83418273925781,av_mode,constq,1.0,0.00646825274452567,0.0,0.0,[]
gen_FR0_11_nuclear,FR0_11,4331.92138671875,0.0,5848.0,q_min,-1187.487060546875,q_max,1187.487060546875,av_mode,constv,1.0,4331.921388264365,-179.47889035480648,0.0,[]
gen_FR0_11_ror,FR0_11,216.3397979736328,0.0,842.0,q_min,-170.9753875732422,q_max,170.9753875732422,av_mode,constq,1.0,216.33979797363278,-1.4210854715202004e-14,0.0,[]
gen_FR0_1_0_onwind,FR0_1,169.06271362304688,0.0,803.800048828125,q_min,-163.21856689453125,q_max,163.21856689453125,av_mode,constq,1.0,169.06271362304688,0.0,0.0,[]
gen_FR0_1_0_solar,FR0_1,-0.0,0.0,7768.34619140625,q_min,-1577.429931640625,q_max,1577.429931640625,av_mode,constq,1.0,0.0,0.0,0.0,[]
gen_FR0_1_0_solar-hsat,FR0_1,-0.0,0.0,1.0,q_min,-0.03150544688105583,q_max,0.03150544688105583,av_mode,constq,1.0,0.0,0.0,0.0,[]
gen_FR0_1_CCGT,FR0_1,0.0066161020658910275,0.0,307.00006103515625,q_min,-62.339019775390625,q_max,62.339019775390625,av_mode,constq,1.0,0.006616102065891027,4.336808689942018e-19,0.0,[]
gen_FR0_1_nuclear,FR0_1,3707.053466796875,0.0,6486.0,q_min,-1317.0384521484375,q_max,1317.0384521484375,av_mode,constv,1.0,3707.053468108324,4448.324966068106,0.0,[]
gen_FR0_1_oil,FR0_1,0.0017101750709116459,0.0,88.0,q_min,-17.86916160583496,q_max,17.86916160583496,av_mode,constq,1.0,0.0017101750709116459,0.0,0.0,[]
gen_FR0_1_ror,FR0_1,748.5563354492188,0.0,2913.33740234375,q_min,-591.578369140625,q_max,591.578369140625,av_mode,constq,1.0,748.5563354492188,-5.684341886080802e-14,0.0,[]
gen_FR0_2_0_offwind-ac,FR0_2,0.007369020953774452,0.0,1.0,q_min,-0.0025208343286067247,q_max,0.0025208343286067247,av_mode,constq,1.0,0.007369020953774452,0.0,0.0,[]
gen_FR0_2_0_offwind-dc,FR0_2,0.10407419502735138,0.0,1.0,q_min,-0.0252901129424572,q_max,0.0252901129424572,av_mode,constq,1.0,0.10407419502735137,-6.938893903907228e-18,0.0,[]
gen_FR0_2_0_offwind-float,FR0_2,0.004249571822583675,0.0,1.0,q_min,-0.001593171269632876,q_max,0.001593171269632876,av_mode,constq,1.0,0.004249571822583675,0.0,0.0,[]
gen_FR0_2_0_onwind,FR0_2,114.60956573486328,0.0,329.80035400390625,q_min,-66.96881866455078,q_max,66.96881866455078,av_mode,constq,1.0,114.60956573486327,0.0,0.0,[]
gen_FR0_2_0_solar,FR0_2,-0.0,0.0,2815.301513671875,q_min,-571.6713256835938,q_max,571.6713256835938,av_mode,constq,1.0,0.0,0.0,0.0,[]
gen_FR0_2_0_solar-hsat,FR0_2,-0.0,0.0,1.0,q_min,-0.023623986169695854,q_max,0.023623986169695854,av_mode,constq,1.0,0.0,0.0,0.0,[]
gen_FR0_2_CCGT,FR0_2,0.006601603236049414,0.0,110.90010070800781,q_min,-22.51922607421875,q_max,22.51922607421875,av_mode,constq,1.0,0.006601603236049414,0.0,0.0,[]
gen_FR0_2_biomass,FR0_2,89.17589569091797,0.0,89.19999694824219,q_min,-18.11283302307129,q_max,18.11283302307129,av_mode,constq,1.0,89.17589569091797,-7.105427357601002e-15,0.0,[]
gen_FR0_2_nuclear,FR0_2,2501.63916015625,0.0,3804.0,q_min,-772.4351196289062,q_max,772.4351196289062,av_mode,constv,1.0,2501.6391610502437,639.8962412316606,0.0,[]
gen_FR0_2_ror,FR0_2,27.67514419555664,0.0,107.73435974121094,q_min,-21.876394271850586,q_max,21.876394271850586,av_mode,constq,1.0,27.675144195556637,0.0,0.0,[]
gen_FR0_2_waste,FR0_2,0.02134532481431961,0.0,22.0,q_min,-4.46729040145874,q_max,4.46729040145874,av_mode,constq,1.0,0.02134532481431961,-1.734723475976807e-18,0.0,[]
gen_FR0_3_0_onwind,FR0_3,1399.70703125,0.0,5486.5,q_min,-1114.081298828125,q_max,1114.081298828125,av_mode,constq,1.0,1399.70703125,0.0,0.0,[]
gen_FR0_3_0_solar,FR0_3,-0.0,0.0,738.2026977539062,q_min,-149.89845275878906,q_max,149.89845275878906,av_mode,constq,1.0,0.0,0.0,0.0,[]
gen_FR0_3_0_solar-hsat,FR0_3,-0.0,0.0,1.0,q_min,-0.02709776721894741,q_max,0.02709776721894741,av_mode,constq,1.0,0.0,0.0,0.0,[]
gen_FR0_3_CCGT,FR0_3,0.0066003138199448586,0.0,80.00013732910156,q_min,-16.244720458984375,q_max,16.244720458984375,av_mode,constq,1.0,0.0066003138199448586,4.336808689942018e-19,0.0,[]
gen_FR0_3_nuclear,FR0_3,4352.38037109375,0.0,5846.0,q_min,-1187.0809326171875,q_max,1187.0809326171875,av_mode,constv,1.0,4352.380372657154,728.4933482382364,0.0,[]
gen_FR0_4_0_offwind-ac,FR0_4,434.4200439453125,0.0,496.0,q_min,-100.71710205078125,q_max,100.71710205078125,av_mode,constq,1.0,434.42004394531256,1.4210854715202004e-14,0.0,[]
gen_FR0_4_0_offwind-dc,FR0_4,0.24802982807159424,0.0,1.0,q_min,-0.05835355073213577,q_max,0.05835355073213577,av_mode,constq,1.0,0.24802982807159424,0.0,0.0,[]
gen_FR0_4_0_offwind-float,FR0_4,0.004057069309055805,0.0,1.0,q_min,-0.0015206545358523726,q_max,0.0015206545358523726,av_mode,constq,1.0,0.004057069309055805,0.0,0.0,[]
gen_FR0_4_0_onwind,FR0_4,5672.32861328125,0.0,7548.49755859375,q_min,-1532.787841796875,q_max,1532.787841796875,av_mode,constq,1.0,5672.32861328125,-2.2737367544323206e-13,0.0,[]
gen_FR0_4_0_solar,FR0_4,-0.0,0.0,113.30458068847656,q_min,-23.007476806640625,q_max,23.007476806640625,av_mode,constq,1.0,0.0,0.0,0.0,[]
gen_FR0_4_0_solar-hsat,FR0_4,-0.0,0.0,1.0,q_min,-0.02068430371582508,q_max,0.02068430371582508,av_mode,constq,1.0,0.0,0.0,0.0,[]
gen_FR0_4_CCGT,FR0_4,0.006613509263843298,0.0,446.0000305175781,q_min,-90.56417083740234,q_max,90.56417083740234,av_mode,constq,1.0,0.006613509263843297,0.0,0.0,[]
gen_FR0_4_oil,FR0_4,0.001713933888822794,0.0,508.0,q_min,-103.15380096435547,q_max,103.15380096435547,av_mode,constv,1.0,0.0017139338894480716,915.8442142342212,0.0,[]
gen_FR0_5_0_offwind-ac,FR0_5,17.645597457885742,0.0,25.000080108642578,q_min,-5.076482772827148,q_max,5.076482772827148,av_mode,constq,1.0,17.645597457885746,4.440892098500626e-16,0.0,[]
gen_FR0_5_0_offwind-float,FR0_5,0.0026046785060316324,0.0,1.0,q_min,-0.001532547757960856,q_max,0.001532547757960856,av_mode,constq,1.0,0.002604678506031633,-1.0842021724855044e-19,0.0,[]
gen_FR0_5_0_onwind,FR0_5,93.28559112548828,0.0,263.0007629394531,q_min,-53.40458297729492,q_max,53.40458297729492,av_mode,constq,1.0,93.2855911254883,0.0,0.0,[]
gen_FR0_5_0_solar,FR0_5,-0.0,0.0,26217.56640625,q_min,-5323.7041015625,q_max,5323.7041015625,av_mode,constq,1.0,0.0,0.0,0.0,[]
gen_FR0_5_0_solar-hsat,FR0_5,-0.0,0.0,1.0,q_min,-0.04577845707535744,q_max,0.04577845707535744,av_mode,constq,1.0,0.0,0.0,0.0,[]
gen_FR0_5_CCGT,FR0_5,0.00650567002594471,0.0,2409.900146484375,q_min,-489.35107421875,q_max,489.35107421875,av_mode,constq,1.0,0.006505670025944711,0.0,0.0,[]
gen_FR0_5_biomass,FR0_5,208.27569580078125,0.0,208.3000030517578,q_min,-42.297119140625,q_max,42.297119140625,av_mode,constq,1.0,208.27569580078125,-7.105427357601002e-15,0.0,[]
gen_FR0_5_nuclear,FR0_5,161.1962890625,0.0,7644.0,q_min,-1552.180419921875,q_max,1552.180419921875,av_mode,constv,1.0,161.19628912020937,2982.6876439090975,0.0,[]
gen_FR0_5_oil,FR0_5,0.00171349523589015,0.0,274.0,q_min,-55.6380729675293,q_max,55.6380729675293,av_mode,constq,1.0,0.00171349523589015,0.0,0.0,[]
gen_FR0_5_ror,FR0_5,395.208984375,0.0,1538.142333984375,q_min,-312.3331298828125,q_max,312.3331298828125,av_mode,constq,1.0,395.208984375,-1.4210854715202004e-14,0.0,[]
gen_FR0_6_0_onwind,FR0_6,99.59051513671875,0.0,1366.0001220703125,q_min,-277.3781433105469,q_max,277.3781433105469,av_mode,constq,1.0,99.59051513671875,-7.105427357601002e-15,0.0,[]
gen_FR0_6_0_solar,FR0_6,-0.0,0.0,815.9148559570312,q_min,-165.67857360839844,q_max,165.67857360839844,av_mode,constq,1.0,0.0,0.0,0.0,[]
gen_FR0_6_0_solar-hsat,FR0_6,-0.0,0.0,1.0,q_min,-0.021522874012589455,q_max,0.021522874012589455,av_mode,constq,1.0,0.0,0.0,0.0,[]
gen_FR0_6_CCGT,FR0_6,0.0065832058899104595,0.0,1882.0,q_min,-382.1564025878906,q_max,382.1564025878906,av_mode,constq,1.0,0.00658320588991046,0.0,0.0,[]
gen_FR0_6_biomass,FR0_6,61.676021575927734,0.0,61.70000076293945,q_min,-12.528718948364258,q_max,12.528718948364258,av_mode,constq,1.0,61.67602157592773,0.0,0.0,[]
gen_FR0_6_geothermal,FR0_6,1.6939740180969238,0.0,1.7000000476837158,q_min,-0.34519973397254944,q_max,0.34519973397254944,av_mode,constq,1.0,1.6939740180969238,-5.551115123125783e-17,0.0,[]
gen_FR0_6_nuclear,FR0_6,3451.07470703125,0.0,5448.0,q_min,-1106.2635498046875,q_max,1106.2635498046875,av_mode,constv,1.0,3451.0747080702104,2527.5851629186636,0.0,[]
gen_FR0_6_oil,FR0_6,0.001707241521216929,0.0,50.0,q_min,-10.152933120727539,q_max,10.152933120727539,av_mode,constq,1.0,0.001707241521216929,0.0,0.0,[]
gen_FR0_6_ror,FR0_6,379.4988708496094,0.0,1477.0,q_min,-299.9176330566406,q_max,299.9176330566406,av_mode,constq,1.0,379.4988708496094,0.0,0.0,[]
gen_FR0_6_waste,FR0_6,0.021291177719831467,0.0,20.0,q_min,-4.061173439025879,q_max,4.061173439025879,av_mode,constq,1.0,0.021291177719831467,0.0,0.0,[]
gen_FR0_7_0_offwind-ac,FR0_7,856.3773193359375,0.0,976.0,q_min,-198.1852569580078,q_max,198.1852569580078,av_mode,constq,1.0,856.3773193359375,5.684341886080802e-14,0.0,[]
gen_FR0_7_0_offwind-dc,FR0_7,0.2632778584957123,0.0,1.0,q_min,-0.06185195595026016,q_max,0.06185195595026016,av_mode,constq,1.0,0.2632778584957123,0.0,0.0,[]
gen_FR0_7_0_offwind-float,FR0_7,0.004232682287693024,0.0,1.0,q_min,-0.0015630255220457911,q_max,0.0015630255220457911,av_mode,constq,1.0,0.004232682287693024,0.0,0.0,[]
gen_FR0_7_0_onwind,FR0_7,1182.80712890625,0.0,2382.300048828125,q_min,-483.7466735839844,q_max,483.7466735839844,av_mode,constq,1.0,1182.8071289062502,0.0,0.0,[]
gen_FR0_7_0_solar,FR0_7,-0.0,0.0,710.0015258789062,q_min,-144.1719512939453,q_max,144.1719512939453,av_mode,constq,1.0,0.0,0.0,0.0,[]
gen_FR0_7_0_solar-hsat,FR0_7,-0.0,0.0,1.0,q_min,-0.023984357714653015,q_max,0.023984357714653015,av_mode,constq,1.0,0.0,0.0,0.0,[]
gen_FR0_7_CCGT,FR0_7,0.003430068725720048,0.0,435.0000305175781,q_min,-88.33052062988281,q_max,88.33052062988281,av_mode,constq,1.0,0.003430068725720048,0.0,0.0,[]
gen_FR0_7_nuclear,FR0_7,1893.2733154296875,0.0,3816.0,q_min,-774.871826171875,q_max,774.871826171875,av_mode,constv,1.0,1893.2733161069318,2180.6260502626938,0.0,[]
gen_FR0_7_oil,FR0_7,0.0017066393047571182,0.0,46.0,q_min,-9.3406982421875,q_max,9.3406982421875,av_mode,constq,1.0,0.0017066393047571184,0.0,0.0,[]
gen_FR0_8_0_offwind-ac,FR0_8,48.26564407348633,0.0,60.00006866455078,q_min,-12.183533668518066,q_max,12.183533668518066,av_mode,constq,1.0,48.26564407348633,0.0,0.0,[]
gen_FR0_8_0_offwind-float,FR0_8,0.004414777271449566,0.0,1.0,q_min,-0.0016778907738626003,q_max,0.0016778907738626003,av_mode,constq,1.0,0.004414777271449566,-4.336808689942018e-19,0.0,[]
gen_FR0_8_0_onwind,FR0_8,924.6786499023438,0.0,1799.8001708984375,q_min,-365.4649963378906,q_max,365.4649963378906,av_mode,constq,1.0,924.6786499023438,0.0,0.0,[]
gen_FR0_8_0_solar,FR0_8,-0.0,0.0,5668.6923828125,q_min,-1151.0771484375,q_max,1151.0771484375,av_mode,constq,1.0,0.0,0.0,0.0,[]
gen_FR0_8_0_solar-hsat,FR0_8,-0.0,0.0,1.0,q_min,-0.03263888135552406,q_max,0.03263888135552406,av_mode,constq,1.0,0.0,0.0,0.0,[]
gen_FR0_8_biomass,FR0_8,40.97618865966797,0.0,41.0,q_min,-8.32540512084961,q_max,8.32540512084961,av_mode,constq,1.0,40.976188659667976,0.0,0.0,[]
gen_FR0_8_nuclear,FR0_8,1881.253662109375,0.0,2726.0,q_min,-553.5379028320312,q_max,553.5379028320312,av_mode,constv,1.0,1881.2536627790564,1236.2063896398504,0.0,[]
gen_FR0_8_ror,FR0_8,63.715431213378906,0.0,248.0,q_min,-50.35854721069336,q_max,50.35854721069336,av_mode,constq,1.0,63.715431213378906,0.0,0.0,[]
gen_FR0_8_waste,FR0_8,0.021250495687127113,0.0,18.5,q_min,-3.756585121154785,q_max,3.756585121154785,av_mode,constq,1.0,0.021250495687127113,1.734723475976807e-18,0.0,[]
gen_FR0_9_0_offwind-ac,FR0_9,1276.8819580078125,0.0,1442.0,q_min,-292.8105773925781,q_max,292.8105773925781,av_mode,constq,1.0,1276.8819580078127,-5.684341886080802e-14,0.0,[]
gen_FR0_9_0_offwind-dc,FR0_9,3541.162353515625,0.0,3999.0615234375,q_min,-812.0440673828125,q_max,812.0440673828125,av_mode,constq,1.0,3541.1623535156255,0.0,0.0,[]
gen_FR0_9_0_offwind-float,FR0_9,0.004475940950214863,0.0,1.0,q_min,-0.0016469472320750356,q_max,0.0016469472320750356,av_mode,constq,1.0,0.004475940950214864,-2.168404344971009e-19,0.0,[]
gen_FR0_9_0_onwind,FR0_9,564.5664672851562,0.0,960.000244140625,q_min,-194.93637084960938,q_max,194.93637084960938,av_mode,constq,1.0,564.5664672851562,1.4210854715202004e-14,0.0,[]
gen_FR0_9_0_solar,FR0_9,-0.0,0.0,347.00140380859375,q_min,-70.46163940429688,q_max,70.46163940429688,av_mode,constq,1.0,0.0,0.0,0.0,[]
gen_FR0_9_0_solar-hsat,FR0_9,-0.0,0.0,1.0,q_min,-0.021429991349577904,q_max,0.021429991349577904,av_mode,constq,1.0,0.0,0.0,0.0,[]
gen_FR0_9_CCGT,FR0_9,0.006618058308959007,0.0,460.0000305175781,q_min,-93.40699005126953,q_max,93.40699005126953,av_mode,constq,1.0,0.006618058308959007,2.168404344971009e-19,0.0,[]
gen_FR0_9_biomass,FR0_9,49.97609329223633,0.0,50.0,q_min,-10.152933120727539,q_max,10.152933120727539,av_mode,constq,1.0,49.976093292236335,0.0,0.0,[]
gen_FR0_9_nuclear,FR0_9,6596.4130859375,0.0,12706.0,q_min,-2580.063232421875,q_max,2580.063232421875,av_mode,constv,1.0,6596.413088301545,1151.9683825662617,0.0,[]
gen_FR0_9_oil,FR0_9,0.0017102360725402832,0.0,92.0,q_min,-18.681396484375,q_max,18.681396484375,av_mode,constq,1.0,0.0017102360725402832,-5.421010862427522e-20,0.0,[]
gen_FR0_9_waste,FR0_9,0.021526150405406952,0.0,32.0,q_min,-6.49787712097168,q_max,6.49787712097168,av_mode,constq,1.0,0.021526150405406955,-8.673617379884035e-19,0.0,[]
gen_NL0_0_0_offwind-ac,NL0_0,5232.4423828125,0.0,5943.0,q_min,-1206.777587890625,q_max,1206.777587890625,av_mode,constq,1.0,5232.4423828125,4.547473508864641e-13,0.0,[]
gen_NL0_0_0_offwind-dc,NL0_0,1856.4373779296875,0.0,2096.493896484375,q_min,-425.7112731933594,q_max,425.7112731933594,av_mode,constq,1.0,1856.4373779296875,0.0,0.0,[]
gen_NL0_0_0_offwind-float,NL0_0,0.0032892199233174324,0.0,1.0,q_min,-0.0014561109710484743,q_max,0.0014561109710484743,av_mode,constq,1.0,0.0032892199233174324,2.168404344971009e-19,0.0,[]
gen_NL0_0_0_onwind,NL0_0,938.2685546875,0.0,1645.3001708984375,q_min,-334.0924377441406,q_max,334.0924377441406,av_mode,constq,1.0,938.2685546875001,-5.684341886080802e-14,0.0,[]
gen_NL0_0_0_solar,NL0_0,-0.0,0.0,1694.0001220703125,q_min,-343.9814147949219,q_max,343.9814147949219,av_mode,constq,1.0,0.0,0.0,0.0,[]
gen_NL0_0_0_solar-hsat,NL0_0,-0.0,0.0,1.0,q_min,-0.006700800731778145,q_max,0.006700800731778145,av_mode,constq,1.0,0.0,0.0,0.0,[]
gen_NL0_0_CCGT,NL0_0,0.00476650008931756,0.0,7914.0,q_min,-1607.0062255859375,q_max,1607.0062255859375,av_mode,constv,1.0,0.004766700916661648,5255.806294712261,0.0,[]
gen_NL0_0_biomass,NL0_0,639.9235229492188,0.0,640.0,q_min,-129.95755004882812,q_max,129.95755004882812,av_mode,constq,1.0,639.9235229492188,-5.684341886080802e-14,0.0,[]
gen_NL0_0_nuclear,NL0_0,0.03609156236052513,0.0,515.0,q_min,-104.57521057128906,q_max,104.57521057128906,av_mode,constq,1.0,0.03609156236052513,-3.469446951953614e-18,0.0,[]
gen_NL0_0_waste,NL0_0,0.01376999169588089,0.0,525.2000122070312,q_min,-106.64640808105469,q_max,106.64640808105469,av_mode,constq,1.0,0.01376999169588089,0.0,0.0,[]
gen_NL0_1_0_offwind-ac,NL0_1,1037.92431640625,0.0,1178.0,q_min,-239.20310974121094,q_max,239.20310974121094,av_mode,constq,1.0,1037.92431640625,5.684341886080802e-14,0.0,[]
gen_NL0_1_0_offwind-dc,NL0_1,12311.546875,0.0,13903.505859375,q_min,-2823.227294921875,q_max,2823.227294921875,av_mode,constq,1.0,12311.546875,-9.094947017729282e-13,0.0,[]
gen_NL0_1_0_offwind-float,NL0_1,0.0035863646771758795,0.0,1.0,q_min,-0.0014846614794805646,q_max,0.0014846614794805646,av_mode,constq,1.0,0.0035863646771758786,0.0,0.0,[]
gen_NL0_1_0_onwind,NL0_1,1315.54248046875,0.0,2707.10009765625,q_min,-549.7001342773438,q_max,549.7001342773438,av_mode,constq,1.0,1315.54248046875,0.0,0.0,[]
gen_NL0_1_0_solar,NL0_1,-0.0,0.0,5589.30029296875,q_min,-1134.955810546875,q_max,1134.955810546875,av_mode,constq,1.0,0.0,0.0,0.0,[]
gen_NL0_1_0_solar-hsat,NL0_1,-0.0,0.0,1.0,q_min,-0.006367763504385948,q_max,0.006367763504385948,av_mode,constq,1.0,0.0,0.0,0.0,[]
gen_NL0_1_CCGT,NL0_1,0.003666176460683346,0.0,4650.5,q_min,-944.3242797851562,q_max,944.3242797851562,av_mode,constv,1.0,0.0036663799796770036,6743.513972403632,0.0,[]
gen_NL0_1_biomass,NL0_1,236.93319702148438,0.0,237.0,q_min,-48.124900817871094,q_max,48.124900817871094,av_mode,constq,1.0,236.93319702148438,0.0,0.0,[]
gen_NL0_1_waste,NL0_1,0.014010644517838955,0.0,171.0,q_min,-34.72303009033203,q_max,34.72303009033203,av_mode,constq,1.0,0.014010644517838955,0.0,0.0,[]
gen_PL0_0_0_onwind,PL0_0,2049.762939453125,0.0,8143.49853515625,q_min,-1653.60791015625,q_max,1653.60791015625,av_mode,constq,1.0,2049.762939453125,3.552713678800501e-15,0.0,[]
gen_PL0_0_0_solar,PL0_0,-0.0,0.0,2459.00634765625,q_min,-499.3225402832031,q_max,499.3225402832031,av_mode,constq,1.0,0.0,0.0,0.0,[]
gen_PL0_0_0_solar-hsat,PL0_0,-0.0,0.0,1.0,q_min,-0.03427983075380325,q_max,0.03427983075380325,av_mode,constq,1.0,0.0,0.0,0.0,[]
gen_PL0_0_CCGT,PL0_0,0.0063416496850550175,0.0,2865.5,q_min,-581.8646240234375,q_max,581.8646240234375,av_mode,constq,1.0,0.0063416496850550175,6.776263578034403e-21,0.0,[]
gen_PL0_0_biomass,PL0_0,316.9706726074219,0.0,317.0,q_min,-64.36959838867188,q_max,64.36959838867188,av_mode,constq,1.0,316.9706726074219,0.0,0.0,[]
gen_PL0_0_coal,PL0_0,3424.119873046875,0.0,4318.0,q_min,-876.8073120117188,q_max,876.8073120117188,av_mode,constv,1.0,3424.1198735283133,884.4761407147622,0.0,[]
gen_PL0_0_lignite,PL0_0,0.08588428050279617,0.0,1075.0,q_min,-218.28805541992188,q_max,218.28805541992188,av_mode,constq,1.0,0.08588428050279619,-1.0842021724855044e-19,0.0,[]
gen_PL0_1_0_onwind,PL0_1,408.4051513671875,0.0,967.4012451171875,q_min,-196.43919372558594,q_max,196.43919372558594,av_mode,constq,1.0,408.4051513671875,-3.552713678800501e-15,0.0,[]
gen_PL0_1_0_solar,PL0_1,-0.0,0.0,20633.177734375,q_min,-4189.7451171875,q_max,4189.7451171875,av_mode,constq,1.0,0.0,0.0,0.0,[]
gen_PL0_1_0_solar-hsat,PL0_1,-0.0,0.0,1.0,q_min,-0.03781391307711601,q_max,0.03781391307711601,av_mode,constq,1.0,0.0,0.0,0.0,[]
gen_PL0_1_CCGT,PL0_1,0.006349331233650446,0.0,1641.0,q_min,-333.2192687988281,q_max,333.2192687988281,av_mode,constq,1.0,0.006349331233650447,0.0,0.0,[]
gen_PL0_1_biomass,PL0_1,173.37103271484375,0.0,173.39999389648438,q_min,-35.21037292480469,q_max,35.21037292480469,av_mode,constq,1.0,173.37103271484375,0.0,0.0,[]
gen_PL0_1_coal,PL0_1,4211.3134765625,0.0,4214.5,q_min,-855.7907104492188,q_max,855.7907104492188,av_mode,constq,1.0,4211.313476562501,0.0,0.0,[]
gen_PL0_1_lignite,PL0_1,0.0893884003162384,0.0,5400.0,q_min,-1096.5167236328125,q_max,1096.5167236328125,av_mode,constv,1.0,0.08938834825158892,648.4489780968123,0.0,[]
gen_PL0_1_ror,PL0_1,2.4136719703674316,0.0,5.4085893630981445,q_min,-1.0982608795166016,q_max,1.0982608795166016,av_mode,constq,1.0,2.4136719703674316,-1.3877787807814457e-17,0.0,[]
gen_PL0_2_0_offwind-ac,PL0_2,33.30194854736328,0.0,1200.0,q_min,-243.67039489746094,q_max,243.67039489746094,av_mode,constq,1.0,33.301948547363274,0.0,0.0,[]
gen_PL0_2_0_offwind-dc,PL0_2,803.3666381835938,0.0,4900.0,q_min,-994.9874267578125,q_max,994.9874267578125,av_mode,constq,1.0,803.3666381835938,0.0,0.0,[]
gen_PL0_2_0_offwind-float,PL0_2,0.0003947526856791228,0.0,1.0,q_min,-0.0015615002484992146,q_max,0.0015615002484992146,av_mode,constq,1.0,0.0003947526856791228,-6.776263578034403e-21,0.0,[]
gen_PL0_2_0_onwind,PL0_2,1204.807861328125,0.0,6689.10009765625,q_min,-1358.27978515625,q_max,1358.27978515625,av_mode,constq,1.0,1204.8078613281248,2.842170943040401e-14,0.0,[]
gen_PL0_2_0_solar,PL0_2,-0.0,0.0,5907.3056640625,q_min,-1199.529541015625,q_max,1199.529541015625,av_mode,constq,1.0,0.0,0.0,0.0,[]
gen_PL0_2_0_solar-hsat,PL0_2,-0.0,0.0,1.0,q_min,-0.03164104372262955,q_max,0.03164104372262955,av_mode,constq,1.0,0.0,0.0,0.0,[]
gen_PL0_2_CCGT,PL0_2,0.006287733558565378,0.0,3241.5,q_min,-658.2146606445312,q_max,658.2146606445312,av_mode,constv,1.0,0.006287534997511557,2737.2659629457776,0.0,[]
gen_PL0_2_biomass,PL0_2,255.9694366455078,0.0,256.0,q_min,-51.98301696777344,q_max,51.98301696777344,av_mode,constq,1.0,255.96943664550778,-7.105427357601002e-15,0.0,[]
gen_PL0_2_coal,PL0_2,0.6780913472175598,0.0,510.0,q_min,-103.5599136352539,q_max,103.5599136352539,av_mode,constq,1.0,0.6780913472175598,1.3877787807814457e-17,0.0,[]
gen_PL0_2_ror,PL0_2,79.18782806396484,0.0,176.9917755126953,q_min,-35.93971252441406,q_max,35.93971252441406,av_mode,constq,1.0,79.18782806396484,-1.7763568394002505e-15,0.0,[]
gen_PL0_2_waste,PL0_2,0.017923813313245773,0.0,16.0,q_min,-3.24893856048584,q_max,3.24893856048584,av_mode,constq,1.0,0.017923813313245773,-4.336808689942018e-19,0.0,[]
gen_hvdc_qcap_BE0_0,BE0_0,0.0,0.0,1000.0004272460938,q_min,-100.00003814697266,q_max,100.00003814697266,av_mode,constq,1.0,0.0,0.0,0.0,[]
gen_hvdc_qcap_DE0_0,DE0_0,0.0,0.0,1.0,q_min,-0.10000000149011612,q_max,0.10000000149011612,av_mode,constq,1.0,0.0,0.0,0.0,[]
gen_hvdc_qcap_DE0_10,DE0_10,0.0,0.0,1.0,q_min,-0.10000000149011612,q_max,0.10000000149011612,av_mode,constq,1.0,0.0,0.0,0.0,[]
gen_hvdc_qcap_DE0_12,DE0_12,0.0,0.0,1.0,q_min,-0.10000000149011612,q_max,0.10000000149011612,av_mode,constq,1.0,0.0,0.0,0.0,[]
gen_hvdc_qcap_DE0_16,DE0_16,0.0,0.0,600.0442504882812,q_min,-60.00442123413086,q_max,60.00442123413086,av_mode,constq,1.0,0.0,0.0,0.0,[]
gen_hvdc_qcap_DE0_17,DE0_17,0.0,0.0,1.0,q_min,-0.10000000149011612,q_max,0.10000000149011612,av_mode,constq,1.0,0.0,0.0,0.0,[]
gen_hvdc_qcap_DE0_26,DE0_26,0.0,0.0,1.0,q_min,-0.10000000149011612,q_max,0.10000000149011612,av_mode,constq,1.0,0.0,0.0,0.0,[]
gen_hvdc_qcap_DE0_29,DE0_29,0.0,0.0,1.0,q_min,-0.10000000149011612,q_max,0.10000000149011612,av_mode,constq,1.0,0.0,0.0,0.0,[]
gen_hvdc_qcap_DE0_3,DE0_3,0.0,0.0,1.0,q_min,-0.10000000149011612,q_max,0.10000000149011612,av_mode,constq,1.0,0.0,0.0,0.0,[]
gen_hvdc_qcap_DE0_32,DE0_32,0.0,0.0,1.0,q_min,-0.10000000149011612,q_max,0.10000000149011612,av_mode,constq,1.0,0.0,0.0,0.0,[]
gen_hvdc_qcap_DE0_4,DE0_4,0.0,0.0,1000.0004272460938,q_min,-100.00003814697266,q_max,100.00003814697266,av_mode,constq,1.0,0.0,0.0,0.0,[]
gen_hvdc_qcap_DE0_9,DE0_9,0.0,0.0,1.0,q_min,-0.10000000149011612,q_max,0.10000000149011612,av_mode,constq,1.0,0.0,0.0,0.0,[]
gen_hvdc_qcap_DK0_0,DK0_0,0.0,0.0,1300.0001220703125,q_min,-130.00001525878906,q_max,130.00001525878906,av_mode,constq,1.0,0.0,0.0,0.0,[]
gen_hvdc_qcap_FR0_6,FR0_6,0.0,0.0,1.0,q_min,-0.10000000149011612,q_max,0.10000000149011612,av_mode,constq,1.0,0.0,0.0,0.0,[]
gen_hvdc_qcap_NL0_1,NL0_1,0.0,0.0,700.0,q_min,-70.0,q_max,70.0,av_mode,constq,1.0,0.0,0.0,0.0,[]
gen_hvdc_recv_DC20_bus1,DE0_26,0.026243505999445915,0.0,1.0,q_min,0.0,q_max,0.0,av_mode,constq,1.0,0.026243505999445912,0.0,0.0,[]
gen_hvdc_recv_DC2_bus1,FR0_6,0.05953921005129814,0.0,1.0,q_min,0.0,q_max,0.0,av_mode,constq,1.0,0.05953921005129814,0.0,0.0,[]
gen_hvdc_recv_DC5_bus1,DE0_26,0.02831193618476391,0.0,1.0,q_min,0.0,q_max,0.0,av_mode,constq,1.0,0.028311936184763905,0.0,0.0,[]
gen_hvdc_recv_TYNDP2020_10_bus1,DE0_0,0.0342593714594841,0.0,1.0,q_min,0.0,q_max,0.0,av_mode,constq,1.0,0.0342593714594841,0.0,0.0,[]
gen_hvdc_recv_TYNDP2020_1_NEP_DC3_bus1,DE0_32,0.04025818035006523,0.0,1.0,q_min,0.0,q_max,0.0,av_mode,constq,1.0,0.04025818035006523,0.0,0.0,[]
gen_hvdc_recv_TYNDP2020_22_bus1,DE0_3,0.031854648143053055,0.0,1.0,q_min,0.0,q_max,0.0,av_mode,constq,1.0,0.031854648143053055,-1.0842021724855044e-19,0.0,[]
gen_hvdc_recv_TYNDP2020_23_NEP_DC1_bus1,DE0_9,0.05942818894982338,0.0,1.0,q_min,0.0,q_max,0.0,av_mode,constq,1.0,0.05942818894982339,3.469446951953614e-18,0.0,[]
gen_hvdc_recv_TYNDP2020_2_NEP_DC4_bus1,DE0_17,0.03832002356648445,0.0,1.0,q_min,0.0,q_max,0.0,av_mode,constq,1.0,0.03832002356648446,0.0,0.0,[]
gen_hvdc_recv_relation_2505320-400-DC_bu,DE0_16,599.92236328125,0.0,600.0001831054688,q_min,0.0,q_max,0.0,av_mode,constq,1.0,599.92236328125,5.684341886080802e-14,0.0,[]
gen_hvdc_recv_relation_5487095-400-DC_bu,DK1_0,323.7676086425781,0.0,600.0001220703125,q_min,0.0,q_max,0.0,av_mode,constq,1.0,323.7676086425781,0.0,0.0,[]
gen_hvdc_recv_relation_8185420-320-DC_bu,NL0_1,699.870849609375,0.0,700.0,q_min,0.0,q_max,0.0,av_mode,constq,1.0,699.870849609375,0.0,0.0,[]
gen_hvdc_recv_relation_8193755-320-DC_bu,BE0_0,999.9442138671875,0.0,1000.0004272460938,q_min,0.0,q_max,0.0,av_mode,constq,1.0,999.9442138671875,0.0,0.0,[]
