name,from_bus,to_bus,type,rated_current_ka_pf,rated_mva_from_current,apparent_from_mva,apparent_to_mva,loading_calc_percent,length_km,p_from_mw,q_from_mvar,p_to_mw,q_to_mvar,i_from_ka,i_to_ka,loading_percent,outserv
0,AT0_0,CH0_0,Al_St_240_40_4-bundle_380.0,5.32295036315918,3503.455780560384,1349.5518839516967,1261.1271450712534,38.52059133841368,453.6899108886719,1324.4149415284833,-259.2592334588644,-1259.8876574394626,55.89961240718719,2.0504319565391547,1.9160844646655357,38.52059133841369,0.0
1,AT0_0,CZ0_0,Al_St_240_40_4-bundle_380.0,5.32295036315918,3503.455780560384,1001.57098142102,950.2338999089391,28.588086853512873,265.0067138671875,970.2485710718887,-248.51990092872478,-950.1258736467817,-14.327901559254855,1.5217296729893255,1.443731047078039,28.588086853512877,0.0
10,BE0_0,FR0_3,Al_St_240_40_4-bundle_380.0,5.32295036315918,3503.455780560384,1937.6257381128132,1894.3238695946443,55.30612799122833,221.8491668701172,1932.7862159481083,-136.86104061498386,-1865.991167577654,326.4044813390441,2.9439177402342835,2.87812735748581,55.30612798138256,0.0
100,DE0_34,PL0_2,Al_St_240_40_4-bundle_380.0,5.32295036315918,3503.455780560384,3749.0606125076315,3702.47850582475,107.0103591234128,247.00326538085938,3711.028469679025,532.6567126093983,-3426.3320699627952,1403.0665103403826,5.696108298873152,5.62533411002917,107.0103591101778,0.0
101,DE0_35,DE0_7,Al_St_240_40_4-bundle_380.0,5.32295036315918,3503.455780560384,2257.862403081304,2275.4886624540754,64.9498325362082,90.24616241455078,-2229.7774300840883,355.01442722187903,2267.254619147271,-193.404097455044,3.43046701576276,3.45724734596568,64.94983251945634,0.0
102,DE0_4,DE0_9,Al_St_240_40_4-bundle_380.0,5.32295036315918,3503.455780560384,4762.639192487623,4775.988698181716,136.32222004005965,68.63194274902344,-4648.586493442304,1036.038460099308,4774.648487166276,-113.13650675304007,7.236081630062426,7.256364105705999,136.32222002159222,0.0
103,DE0_4,NL0_1,Al_St_240_40_4-bundle_380.0,5.32295036315918,3503.455780560384,2673.641542513376,2709.582100909355,77.34026831290426,185.08360290527344,-2599.7852746931694,624.0798212904065,2709.481129509962,-23.391673684794114,4.062178063303518,4.116784092404886,77.34026830116012,0.0
104,DE0_9,NL0_1,Al_St_240_40_4-bundle_380.0,5.32295036315918,3503.455780560384,1472.599541919379,1495.725415488389,42.692858399632634,118.32731628417969,-1462.6930847497088,170.523754024318,1483.7617995286366,-188.80000211190554,2.2373835311065697,2.2725196608811964,42.6928583931497,0.0
105,FR0_0,FR0_10,Al_St_240_40_4-bundle_380.0,5.32295036315918,3503.455780560384,2804.4883659110897,2768.7765271155977,80.04920117651683,184.06173706054688,2804.485451629391,-4.043034719684101,-2687.5534023923037,665.7177828448496,4.260979243971116,4.206720718339678,80.04920116223323,0.0
106,FR0_0,FR0_3,Al_St_240_40_4-bundle_380.0,5.32295036315918,3503.455780560384,285.8959219400734,321.5806712951856,9.178956191756136,223.2201385498047,-246.06242514468937,-145.56703305995717,247.1727557777097,-205.71766319865407,0.4343739143759598,0.4885912818547647,9.178956190092762,0.0
107,FR0_0,FR0_9,Al_St_240_40_4-bundle_380.0,5.32295036315918,3503.455780560384,1290.6110991578123,1335.2588071229652,38.11262053118844,228.6162872314453,-1286.2873933829896,105.55449253030673,1318.3089528344037,-212.0791995366393,1.9608806983813776,2.0287158726111474,38.11262052436464,0.0
108,FR0_1,FR0_11,Al_St_240_40_4-bundle_380.0,5.32295036315918,3503.455780560384,1515.7274428347557,1559.3784593583878,44.509722885926145,223.3445281982422,-1504.6926317180205,182.56441333372095,1547.7980104855221,-189.69053283703556,2.3029095973248133,2.369230455573656,44.50972287796262,0.0
109,FR0_1,FR0_3,Al_St_240_40_4-bundle_380.0,5.32295036315918,3503.455780560384,1981.930380314546,2048.424482162182,58.46868379296435,342.0819091796875,-1930.9143723689085,446.78598791025763,2048.0634893974884,-38.4552014477548,3.011231679964755,3.112259015727997,58.46868378236889,0.0
11,BE0_0,FR0_6,Al_St_240_40_4-bundle_380.0,5.32295036315918,3503.455780560384,993.0803393369487,945.3463893161315,28.345736368281027,246.1634521484375,963.7758252625287,-239.46757404108166,-945.3229948729113,-6.65065091224281,1.5088294766869526,1.436305242743084,28.345736363234842,0.0
110,FR0_1,FR0_5,Al_St_240_40_4-bundle_380.0,5.32295036315918,3503.455780560384,3450.028618852473,3408.80435399029,98.4750153832578,215.32154846191406,3439.0546093095663,274.956114839669,-3230.408459080326,1088.3052472929803,5.241776188033828,5.179142397475697,98.4750153657797,0.0
111,FR0_1,FR0_6,Al_St_240_40_4-bundle_380.0,5.32295036315918,3503.455780560384,2633.2655247014636,2695.68346042664,76.94355599931278,326.34326171875,-2490.3549553513194,855.6982645409556,2686.3275980869075,224.3955315383363,4.0008330506955625,4.095667292692046,76.94355598426549,0.0
112,FR0_10,FR0_11,Al_St_240_40_4-bundle_380.0,5.32295036315918,3503.455780560384,643.9689092576309,704.4881929474767,20.108379756252912,327.213134765625,-627.960685519825,-142.69314465640696,638.7440820510075,-297.1693316061014,0.9784095343233811,1.0703590730693866,20.108379752655196,0.0
113,FR0_10,FR0_3,Al_St_240_40_4-bundle_380.0,5.32295036315918,3503.455780560384,3912.695535189199,3940.6189272124207,112.47805521273375,144.7751007080078,-3755.7102954190723,1097.1902879503975,3937.4096757855664,159.0049512907408,5.944725842349777,5.987151047335626,112.47805519235092,0.0
114,FR0_10,FR0_9,Al_St_240_40_4-bundle_380.0,5.32295036315918,3503.455780560384,5465.2192947490785,5493.082190253467,156.79039594941995,147.2349090576172,-5086.240568240111,1999.6946821167787,5446.318853492921,715.2362511557837,8.303541659045148,8.345874949094092,156.79039592134768,0.0
115,FR0_11,FR0_2,Al_St_240_40_4-bundle_380.0,5.32295036315918,3503.455780560384,479.14656565021437,433.3157957253525,13.676398266787142,258.76983642578125,412.18041317498137,-244.31278797741405,-408.6126558775277,-144.2160749771277,0.7279878910787931,0.6583552401616303,13.676398264340214,0.0
116,FR0_11,FR0_3,Al_St_240_40_4-bundle_380.0,5.32295036315918,3503.455780560384,1027.5699310334696,1094.2382341439866,31.233111038979956,344.4696960449219,-1027.302355920017,-23.44851136666199,1058.3874352283638,-277.80091794894395,1.5612309899662988,1.6625229971740176,31.233111033320014,0.0
117,FR0_11,FR0_7,Al_St_240_40_4-bundle_380.0,5.32295036315918,3503.455780560384,1260.6147304609592,1320.341450278452,37.68683074593454,306.09033203125,-1258.0934453170676,79.68928099429434,1299.755552035996,-232.24351503327043,1.9153059311732212,2.006051293694973,37.686830739191386,0.0
118,FR0_11,FR0_8,Al_St_240_40_4-bundle_380.0,5.32295036315918,3503.455780560384,1842.9075219867339,1796.8451322535557,52.602562652923154,235.8882598876953,1836.9975898496668,-147.47199558492002,-1772.8363999311343,292.75164966659474,2.8000082992638404,2.7300237384562758,52.60256264351169,0.0
119,FR0_2,FR0_7,Al_St_240_40_4-bundle_380.0,5.32295036315918,3503.455780560384,1755.898680377218,1810.329821623671,51.67268933915602,278.7790222167969,-1731.5805414083557,291.2198557214141,1804.9037707353411,-140.0587071386123,2.6678120410637907,2.7505116043405815,51.672689329910426,0.0
12,BE0_0,NL0_1,Al_St_240_40_4-bundle_380.0,5.32295036315918,3503.455780560384,6148.515686272265,6189.115494361238,176.65744573408824,234.69464111328125,-5049.701360387509,3507.8143216590925,5790.261944063403,2185.867613025423,9.341703120931513,9.403388147822474,176.65744570726275,0.0
120,FR0_2,FR0_8,Al_St_240_40_4-bundle_380.0,5.32295036315918,3503.455780560384,1488.5075368092087,1445.1655944479996,42.48683671329567,221.778076171875,1475.3992490144176,-197.10845528670256,-1436.5023926613435,158.00149130459283,2.261553228720869,2.195701960076647,42.48683670569931,0.0
121,FR0_3,FR0_6,Al_St_240_40_4-bundle_380.0,5.32295036315918,3503.455780560384,1018.9876751838359,1055.1941679061572,30.11866665368264,185.8438720703125,-1018.1626946186964,40.995237081323694,1034.2290536154853,-209.29643246072106,1.548191601214966,1.6032016757073762,30.118666647792548,0.0
122,FR0_4,FR0_7,Al_St_240_40_4-bundle_380.0,5.32295036315918,3503.455780560384,4062.8085692318573,4023.7604460509506,115.96574421675743,205.92276000976562,4032.588418702296,494.6151186244994,-3755.579939435,1444.3917217007122,6.172799001821658,6.1134715164905735,115.96574419600809,0.0
123,FR0_5,FR0_8,Al_St_240_40_4-bundle_380.0,5.32295036315918,3503.455780560384,2362.170176010885,2414.913141591277,68.9294597348966,272.2490539550781,-2285.6140690410202,596.5033678337844,2414.8009085266153,23.282044783147057,3.5889462809180204,3.669080926627065,68.92945972258624,0.0
124,FR0_7,FR0_9,Al_St_240_40_4-bundle_380.0,5.32295036315918,3503.455780560384,911.9765888517312,956.376071781143,27.29807743222519,229.0010528564453,-911.9466292361957,-7.392160602975935,927.8698637485295,-231.7600194658587,1.3856050762472991,1.4530631115539434,27.298077427337645,0.0
125,NL0_0,NL0_1,Al_St_240_40_4-bundle_380.0,5.32295036315918,3503.455780560384,3541.9404739077,3566.8712105247814,101.81008221414612,128.5571746826172,-3434.964201897593,863.9231750494571,3566.857073049172,10.042554934508416,5.381421804575372,5.419300140127627,101.81008219868622,0.0
126,NL0_0,NL0_1,Al_St_240_40_4-bundle_380.0,5.32295036315918,3503.455780560384,3541.9404739077,3566.8712105247814,101.81008221414612,128.5571746826172,-3434.964201897593,863.9231750494571,3566.857073049172,10.042554934508416,5.381421804575372,5.419300140127627,101.81008219868622,0.0
127,PL0_0,PL0_1,Al_St_240_40_4-bundle_380.0,5.32295036315918,3503.455780560384,363.80042894161767,327.9840141934266,10.384045117972835,206.42172241210938,305.60386892812835,-197.37534647028323,-304.0351068937963,-123.02913208875255,0.5527375672777297,0.49832015492825255,10.384045117221028,0.0
128,PL0_0,PL0_2,Al_St_240_40_4-bundle_380.0,5.32295036315918,3503.455780560384,618.9311128509803,679.8638138584837,19.405520047686693,332.4476013183594,-599.5341345209603,-153.73530498605732,609.5124364927276,-301.18000457351354,0.9403685383907275,1.03294619975673,19.40552004591068,0.0
129,PL0_1,PL0_2,Al_St_240_40_4-bundle_380.0,5.32295036315918,3503.455780560384,892.1623445553192,948.4585444032816,27.072085501007066,292.1366882324219,-890.9807346033572,-45.90184754567256,910.5121230759636,-265.5960921837763,1.3555004467314367,1.4410336733587341,27.072085498529397,0.0
13,BE0_1,FR0_0,Al_St_240_40_4-bundle_380.0,5.32295036315918,3503.455780560384,3603.874521505444,3580.2277344629224,102.8662768202257,121.86457824707031,3603.8677513128614,-6.985542446596867,-3476.280890887111,856.4471952611108,5.475520854608672,5.439593278640786,102.86627680215568,0.0
14,BE0_1,FR0_3,Al_St_240_40_4-bundle_380.0,5.32295036315918,3503.455780560384,1499.5926920026707,1449.0563305923056,42.80324302431493,258.5914001464844,1486.3973312859841,-198.49739407287046,-1440.3699629413363,158.42543699169835,2.278395379606442,2.201613322070504,42.803243016795875,0.0
15,BE0_1,NL0_0,Al_St_240_40_4-bundle_380.0,5.32295036315918,3503.455780560384,9052.239143226312,9074.200876515197,259.0071473676132,120.17672729492188,-8011.431860597277,4214.260676460999,8812.751031350419,2162.5311111707247,13.753454487348677,13.786821889217432,259.0071473263735,0.0
16,CH0_0,DE0_14,Al_St_240_40_4-bundle_380.0,5.32295036315918,3503.455780560384,2673.8072034121096,2697.07191089496,76.98318688251172,119.34326934814453,-2623.9406047408497,513.9850813114224,2693.7156622458865,-134.50956661069722,4.062429758959223,4.097776824907748,76.98318686698613,0.0
17,CH0_0,DE0_35,Al_St_240_40_4-bundle_380.0,5.32295036315918,3503.455780560384,3266.082712457577,3291.4382668674525,93.94833196213429,130.55076599121094,-3177.296740507081,756.3608314669161,3291.277910339737,-32.48971389706031,4.962299297188672,5.000823076507712,93.94833194611485,0.0
18,CH0_0,FR0_1,Al_St_240_40_4-bundle_380.0,5.32295036315918,3503.455780560384,2681.8388716456034,2631.8646291055747,76.54838649673604,258.94482421875,2680.132068349566,95.66519572781328,-2528.3541923333023,730.846429865837,4.074632616369508,3.9987046100396424,76.54838648450605,0.0
19,CH0_0,FR0_6,Al_St_240_40_4-bundle_380.0,5.32295036315918,3503.455780560384,952.7657500783152,992.7659040846306,28.336761365540507,205.7661590576172,-952.648794143299,14.928145886640891,968.2356254681299,-219.3260447081316,1.4475777952486468,1.508351741719611,28.336761359998892,0.0
2,AT0_0,CZ0_0,Al_St_240_40_4-bundle_380.0,5.32295036315918,3503.455780560384,1001.57098142102,950.2338999089391,28.588086853512873,265.0067138671875,970.2485710718887,-248.51990092872478,-950.1258736467817,-14.327901559254855,1.5217296729893255,1.443731047078039,28.588086853512877,0.0
20,CZ0_0,DE0_21,Al_St_240_40_4-bundle_380.0,5.32295036315918,3503.455780560384,1634.6096130129208,1680.9788900773547,47.98059388688728,237.293212890625,-1618.5968714860885,228.23837225518804,1672.046768614428,-173.05962108979853,2.483532368593801,2.5539831963554835,47.9805938832706,0.0
21,CZ0_0,DE0_8,Al_St_240_40_4-bundle_380.0,5.32295036315918,3503.455780560384,3411.116492012783,3453.889506123097,98.58521763818698,223.82827758789062,-3222.6689403654527,1118.0879316428588,3440.3498933842925,305.52468246925105,5.1826553285361845,5.247642199734243,98.5852176276872,0.0
22,CZ0_0,PL0_1,Al_St_240_40_4-bundle_380.0,5.32295036315918,3503.455780560384,627.4490068223392,681.55440190589,19.45377491811454,289.9661560058594,-615.6907863357474,-120.90124806472834,624.84489217862,-272.1860824428469,0.9533101394240939,1.0355147825877862,19.453774916909172,0.0
23,DE0_0,DE0_14,Al_St_240_40_4-bundle_380.0,5.32295036315918,3503.455780560384,3192.6811007800156,3161.689885248641,91.1294818817248,159.94374084472656,3192.5462474309697,29.34398221660109,-3060.895962334155,791.9588614631654,4.850777084871669,4.803690805195478,91.12948184609267,0.0
24,DE0_0,DE0_15,Al_St_240_40_4-bundle_380.0,5.32295036315918,3503.455780560384,131.7100982034949,117.27070048110663,3.75943372638851,124.9872055053711,73.07296643680205,-109.58052539069283,-73.01844316837663,-91.7645037506114,0.20011279111328067,0.17817439598428822,3.759433724918551,0.0
25,DE0_0,DE0_20,Al_St_240_40_4-bundle_380.0,5.32295036315918,3503.455780560384,2582.901090678861,2600.613572741612,74.22995281320888,90.7432632446289,-2544.776181485753,442.1450331880224,2594.0576717904523,-184.54200105393204,3.924312208975093,3.9512235408343535,74.22995277546221,0.0
26,DE0_0,DE0_27,Al_St_240_40_4-bundle_380.0,5.32295036315918,3503.455780560384,2871.725000461154,2882.733416895175,82.28256891069071,147.3837432861328,-2779.326363249199,722.5990899673195,2879.450382010934,-137.54072277409387,4.363134740543531,4.417007604972083,82.98043948601808,0.0
27,DE0_0,DE0_32,Al_St_240_40_4-bundle_380.0,5.32295036315918,3503.455780560384,2359.430371901488,2344.557131351524,67.3458013939623,76.14380645751953,2350.3709930925265,-206.56203591280706,-2316.35595824977,362.5509851759836,3.5847835784707054,3.5621860278912787,67.3458013676297,0.0
28,DE0_0,DE0_7,Al_St_240_40_4-bundle_380.0,5.32295036315918,3503.455780560384,2931.7993952553184,2918.5051502807355,83.68307119852878,68.0989761352539,2923.846110483206,-215.80457880147128,-2876.8054656060535,491.5919296269175,4.454408340523144,4.434209825556043,83.68307116580823,0.0
29,DE0_1,DE0_11,Al_St_240_40_4-bundle_380.0,5.32295036315918,3503.455780560384,3362.828883503978,3343.775564297205,95.98605189091576,97.85314178466797,3360.7467696342815,-118.31842680390764,-3271.700158585182,690.51654339689,5.109289896868586,5.080341373084235,95.98605187511488,0.0
3,AT0_0,DE0_13,Al_St_240_40_4-bundle_380.0,5.32295036315918,3503.455780560384,407.31189603950673,360.0785835030956,11.62600362475123,308.9637145996094,299.0440530967933,-276.5422842220339,-296.7999153544599,-203.8783866504276,0.6188464021645951,0.5470828081403375,11.626003624751231,0.0
30,DE0_1,DE0_24,Al_St_240_40_4-bundle_380.0,5.32295036315918,3503.455780560384,3150.8394836962466,3174.9433450578385,90.62318875764433,123.95087432861328,-3073.5869234260836,693.435560209751,3174.204520216294,-68.49020488729161,4.787205325752289,4.823827354310568,90.62318874316195,0.0
31,DE0_1,DE0_31,Al_St_240_40_4-bundle_380.0,5.32295036315918,3503.455780560384,2537.477025635923,2527.637040681207,72.42783082108856,50.36495590209961,2526.071799835606,-240.31420620811082,-2500.020100606714,372.6238129616056,3.8552974830848052,3.8403471727054472,72.42783080916575,0.0
32,DE0_1,DE0_5,Al_St_240_40_4-bundle_380.0,5.32295036315918,3503.455780560384,3277.7644772534536,3307.709149496809,94.4127557667571,154.60289001464844,-3170.881529595882,830.210993430156,3307.4652365662755,40.168726274224696,4.980047902555136,5.025544125179284,94.41275575218054,0.0
33,DE0_10,DE0_19,Al_St_240_40_4-bundle_380.0,5.32295036315918,3503.455780560384,7549.581907985425,7525.677958852362,215.48957317731166,128.73289489746094,7405.875768251489,1466.0119680978942,-6811.523033958178,3199.8410426478113,11.470403016303656,11.434084723108889,215.48957314522005,0.0
34,DE0_10,DE0_24,Al_St_240_40_4-bundle_380.0,5.32295036315918,3503.455780560384,6866.144943015113,6849.704120152589,195.98206379864345,85.61683654785156,6851.3658491956585,450.2581248211526,-6525.743951842419,2081.612934391848,10.432027975143164,10.407048728966824,195.98206376945694,0.0
35,DE0_10,DE0_9,Al_St_240_40_4-bundle_380.0,5.32295036315918,3503.455780560384,5993.521834538667,5958.525596605362,171.07456779659972,192.2431640625,5807.238167405989,1482.6627560287861,-5243.41583876149,2830.303451438808,9.106214326445967,9.053043043966703,171.0745677711226,0.0
36,DE0_10,NL0_1,Al_St_240_40_4-bundle_380.0,5.32295036315918,3503.455780560384,8225.947945818207,8203.596943403825,234.7952553436382,120.74234771728516,8054.113945672997,1672.5633493014668,-7392.672514831711,3556.3177442793794,12.498034895133454,12.46407606020572,234.79525530867153,0.0
37,DE0_11,DE0_17,Al_St_240_40_4-bundle_380.0,5.32295036315918,3503.455780560384,3703.019588349282,3669.389904675136,105.69619884732717,174.91891479492188,3696.6711857918717,216.7399728582709,-3502.304032031291,1094.6637564792045,5.62615619926819,5.575061180875881,105.69619882626628,0.0
38,DE0_11,DE0_20,Al_St_240_40_4-bundle_380.0,5.32295036315918,3503.455780560384,3768.7171026907145,3738.3497112419445,107.57141915711297,157.55166625976562,3765.02146837116,166.85905075172445,-3584.008213713395,1063.0821640765357,5.725973245538078,5.679834765823581,107.57141913567843,0.0
39,DE0_11,DE0_24,Al_St_240_40_4-bundle_380.0,5.32295036315918,3503.455780560384,4123.258452213495,4156.1384525696285,118.6296820308332,171.96209716796875,-3899.6886355659935,1339.2866793138298,4140.62527345866,358.76061896934357,6.264643096972401,6.314599089465686,118.62968201187509,0.0
4,AT0_0,DE0_25,Al_St_240_40_4-bundle_380.0,5.32295036315918,3503.455780560384,121.42961491258652,137.06825058534469,3.9123727876314276,120.3568344116211,-85.2605264319563,-86.4626740875202,85.3321175920419,-107.26665383885515,0.1844932127825643,0.2082536615018744,3.9123727875282217,0.0
40,DE0_11,DE0_28,Al_St_240_40_4-bundle_380.0,5.32295036315918,3503.455780560384,3694.58558947475,3670.316628361038,105.45546514315629,125.19348907470703,3694.5211423835835,21.82215468712434,-3556.708253847019,906.1183970321024,5.613342063690332,5.576469192340002,105.45546512214337,0.0
41,DE0_11,DE0_30,Al_St_240_40_4-bundle_380.0,5.32295036315918,3503.455780560384,3108.7369568176036,3123.5702397690775,89.1568335784577,76.03055572509766,-3057.9393173173667,559.6897339492416,3117.575825969546,-193.42185011356833,4.723237153949332,4.745773996016652,89.15683356476065,0.0
42,DE0_12,DE0_16,Al_St_240_40_4-bundle_380.0,5.32295036315918,3503.455780560384,1647.7121001495534,1680.3909506849384,47.96381218820912,167.21820068359375,-1632.8669592703682,220.68225642854316,1670.4877561543685,-182.16586859830295,2.5034395379935885,2.553089914708054,47.963812181648656,0.0
43,DE0_12,DE0_16,Al_St_240_40_4-bundle_380.0,5.32295036315918,3503.455780560384,1647.7121001495534,1680.3909506849384,47.96381218820912,167.21820068359375,-1632.8669592703682,220.68225642854316,1670.4877561543685,-182.16586859830295,2.5034395379935885,2.553089914708054,47.963812181648656,0.0
44,DE0_12,DE0_2,Al_St_240_40_4-bundle_380.0,5.32295036315918,3503.455780560384,1451.0642562536518,1427.1016750083895,41.418083947431796,122.61215209960938,1438.6996502705022,-189.02590322095705,-1418.174641263658,159.37339077915772,2.2046640495903005,2.168256674012061,41.41808394173769,0.0
45,DE0_12,DE0_22,Al_St_240_40_4-bundle_380.0,5.32295036315918,3503.455780560384,2079.9390531692075,2044.3704774515618,59.36821194405135,182.27452087402344,2075.4182585450444,-137.06026775208977,-2012.1684731322375,361.4259050043406,3.1601404528425405,3.106099593018626,59.368211935889484,0.0
46,DE0_12,DE0_28,Al_St_240_40_4-bundle_380.0,5.32295036315918,3503.455780560384,3684.8076409229343,3658.7767083984427,105.17637075280975,134.4457550048828,3684.3952594624843,55.12642428466961,-3537.0801985611406,935.794139149004,5.598486008174659,5.558936097877191,105.17637073835022,0.0
47,DE0_12,DE0_31,Al_St_240_40_4-bundle_380.0,5.32295036315918,3503.455780560384,2426.875287363301,2440.3709813975383,69.65610911770082,69.09031677246094,-2397.869992431792,374.08977506724545,2430.9006702083007,-214.7846792208868,3.687255526990061,3.7077601126768984,69.65610910706175,0.0
48,DE0_13,DE0_23,Al_St_240_40_4-bundle_380.0,5.32295036315918,3503.455780560384,668.7984367900062,684.0971467533401,19.526353109669266,78.50086975097656,-668.1214642984805,30.08418183049351,670.9996043862538,-133.22326039228952,1.016134098616279,1.03937808363559,19.526353107277846,0.0
49,DE0_13,DE0_23,Al_St_240_40_4-bundle_380.0,5.32295036315918,3503.455780560384,668.7984367900062,684.0971467533401,19.526353109669266,78.50086975097656,-668.1214642984805,30.08418183049351,670.9996043862538,-133.22326039228952,1.016134098616279,1.03937808363559,19.526353107277846,0.0
5,AT0_0,DE0_26,Al_St_240_40_4-bundle_380.0,5.32295036315918,3503.455780560384,473.69596445405426,432.0487494213351,13.520820416300094,230.1653594970703,417.82662268013206,-223.17880750593505,-414.5637103939201,-121.66779319509989,0.7197065594515465,0.6564301625387307,13.520820416300097,0.0
50,DE0_13,DE0_26,Al_St_240_40_4-bundle_380.0,5.32295036315918,3503.455780560384,86.62321971731053,77.62280328631161,2.472507864890334,86.2754135131836,43.51934350632094,-74.89758964727969,-43.50598856408311,-64.28474585068605,0.13161036635964296,0.11793564834105098,2.472507864633402,0.0
51,DE0_13,DE0_35,Al_St_240_40_4-bundle_380.0,5.32295036315918,3503.455780560384,981.5116697081397,964.8721162092593,28.015528985815973,85.2151870727539,968.4053013914125,-159.8634730332973,-961.9104818407772,75.54088669706023,1.4912527017364923,1.4659715156105053,28.015528982904726,0.0
52,DE0_14,DE0_35,Al_St_240_40_4-bundle_380.0,5.32295036315918,3503.455780560384,1565.072019325207,1578.6301183289547,45.0592277227615,69.37130737304688,-1553.3779146629986,190.96460381943967,1567.2036002167881,-189.59410846022516,2.3778809249377018,2.398480325296483,45.059227715078315,0.0
53,DE0_14,FR0_6,Al_St_240_40_4-bundle_380.0,5.32295036315918,3503.455780560384,1181.966963945329,1161.566115847219,33.73717375009287,104.43196868896484,1168.3817667510257,-178.6895379754803,-1156.8222516580004,104.87191975599924,1.7958130122880405,1.7648171303547087,33.73717374328891,0.0
54,DE0_15,DE0_4,Al_St_240_40_4-bundle_380.0,5.32295036315918,3503.455780560384,4226.899900889513,4255.550177262028,121.46721533848917,149.15724182128906,-4028.3424478891766,1280.288988734189,4246.905385219621,271.1124493405971,6.422109986870693,6.465639579010516,121.46721532028619,0.0
55,DE0_15,FR0_6,Al_St_240_40_4-bundle_380.0,5.32295036315918,3503.455780560384,4745.806886491913,4720.66161201841,135.46073316594888,130.93942260742188,4735.758282255375,308.66890987542234,-4497.376361324508,1434.6609075958602,7.2105075862065195,7.17230329452358,135.46073313235013,0.0
56,DE0_16,DE0_34,Al_St_240_40_4-bundle_380.0,5.32295036315918,3503.455780560384,2256.6785266238962,2236.1869253750065,64.4129302029591,104.93697357177734,2249.4303919287368,-180.72322593604065,-2206.5779347415,362.69240842628585,3.428668301690909,3.3975345346418515,64.41293019414874,0.0
57,DE0_16,DE0_5,Al_St_240_40_4-bundle_380.0,5.32295036315918,3503.455780560384,4104.945872746259,4129.616998929289,117.87267365677296,127.70671844482422,-3951.8999265492894,1110.435765236452,4127.72122476316,125.11613998788653,6.236820011354552,6.27430390950993,117.87267363857438,0.0
58,DE0_17,DE0_20,Al_St_240_40_4-bundle_380.0,5.32295036315918,3503.455780560384,613.4181677026309,630.9614695275649,18.009688406189657,90.19315338134766,-613.2679107296512,13.576381584994806,616.0547910950233,-136.34100776087627,0.9319924846486759,0.9586467739336276,18.00968839703155,0.0
59,DE0_17,DE0_28,Al_St_240_40_4-bundle_380.0,5.32295036315918,3503.455780560384,1397.337975460254,1423.6193626875263,40.63471760045494,134.48260498046875,-1389.1687127298826,150.87645686375993,1410.8047134241058,-190.58370968990317,2.1230354107713323,2.1629658477695743,40.634717594583215,0.0
6,AT0_0,DE0_3,Al_St_240_40_4-bundle_380.0,5.32295036315918,3503.455780560384,278.05965248515264,246.9462584292847,7.936725048108828,198.10122680664062,209.75174807029407,-182.54143234241306,-209.04146196219918,-131.46909040884668,0.4224679347712545,0.375196023087876,7.93672504810883,0.0
60,DE0_17,DE0_32,Al_St_240_40_4-bundle_380.0,5.32295036315918,3503.455780560384,2946.053467928613,2922.341726351718,84.08992870055253,121.77928924560547,2944.2347122597203,-103.50359906364656,-2859.1931511836665,604.2314869325774,4.476065164104628,4.44003889994054,84.08992868098203,0.0
61,DE0_17,DE0_6,Al_St_240_40_4-bundle_380.0,5.32295036315918,3503.455780560384,2026.4294690591119,2010.224238619942,57.840874724412274,82.93734741210938,2016.6016680210828,-199.33415564267978,-1989.313805418074,289.19210415947816,3.0788410504810013,3.0542197504188784,57.84087471095079,0.0
62,DE0_18,DE0_19,Al_St_240_40_4-bundle_380.0,5.32295036315918,3503.455780560384,4398.817121946917,4412.386458189171,125.94383187800366,69.71015167236328,-4300.918551132978,922.8714367958121,4410.182054899354,-139.45787555708262,6.683311182027634,6.7039276554064795,125.94383186071431,0.0
63,DE0_18,DE0_27,Al_St_240_40_4-bundle_380.0,5.32295036315918,3503.455780560384,4053.567477383613,4004.74343262874,115.70197345933784,102.66351318359375,4051.9976605621296,112.80182844784872,-3915.891526725364,838.9061402227999,6.158758615705046,6.136183836566797,115.70197344560269,0.0
64,DE0_18,DE0_30,Al_St_240_40_4-bundle_380.0,5.32295036315918,3503.455780560384,2157.54791097335,2177.4739111243707,62.15217338282145,102.01998138427734,-2130.7770772168706,338.82449048526337,2169.5490837687435,-185.6055137798163,3.2780549132686945,3.308329338283963,62.15217337327309,0.0
65,DE0_18,DE0_4,Al_St_240_40_4-bundle_380.0,5.32295036315918,3503.455780560384,3224.7687830105333,3211.5332076940254,92.04536848741746,67.82710266113281,3217.8453602772006,-211.198819176931,-3161.1339405963863,566.7254659277612,4.899529275590562,4.879419899199216,92.04536847649061,0.0
66,DE0_18,DE0_9,Al_St_240_40_4-bundle_380.0,5.32295036315918,3503.455780560384,2532.1106758408037,2540.5534506006697,72.51564197548694,43.20951843261719,-2505.8172179583908,363.95678986693315,2528.227890607932,-249.95113224616148,3.8471441582659653,3.8599716273584868,72.51564196566333,0.0
67,DE0_19,DE0_30,Al_St_240_40_4-bundle_380.0,5.32295036315918,3503.455780560384,1279.9260778632347,1266.6963781790962,36.533244831150924,67.6975326538086,1268.248792733909,-172.49859281555155,-1259.4011567808457,135.75139333026186,1.944646488146623,1.9245460389759796,36.53324482613571,0.0
68,DE0_19,DE0_9,Al_St_240_40_4-bundle_380.0,5.32295036315918,3503.455780560384,2450.144504480416,2434.3161002383035,69.93507719079905,81.05061340332031,2441.9088328734883,-200.72205850384762,-2402.8555190098778,390.1028462382628,3.7226094447922575,3.6985606725653404,69.9350771811985,0.0
69,DE0_2,DE0_22,Al_St_240_40_4-bundle_380.0,5.32295036315918,3503.455780560384,1623.2629987977473,1598.7759230399927,46.333195007190966,125.29206085205078,1612.3079713407965,-188.27046719222983,-1585.9933247910785,201.76626529358361,2.4662929715917796,2.4290887090449873,46.333195001428315,0.0
7,AT0_0,DE0_35,Al_St_240_40_4-bundle_380.0,5.32295036315918,3503.455780560384,564.0596526594828,499.6466788462342,16.100093393194204,392.8341064453125,446.08713209414947,-345.20944705838104,-439.76477151006037,-237.1787288539515,0.8569999797419982,0.7591345907431253,16.100093393194207,0.0
70,DE0_2,DE0_34,Al_St_240_40_4-bundle_380.0,5.32295036315918,3503.455780560384,1611.122565910014,1637.522089584939,46.74019574247386,135.07870483398438,-1597.9080344581048,205.926772904117,1626.7720285707333,-187.32688258359053,2.4478474921314124,2.4879574187076146,46.74019573669306,0.0
71,DE0_20,DE0_27,Al_St_240_40_4-bundle_380.0,5.32295036315918,3503.455780560384,2609.092801786791,2609.051006908058,74.47197753326465,74.2163314819336,-2541.0437311566293,591.9983147655424,2582.188889916531,-373.4269586406201,3.964106396542946,3.99766349247965,75.10240035578747,0.0
72,DE0_21,DE0_25,Al_St_240_40_4-bundle_380.0,5.32295036315918,3503.455780560384,1022.9796123203878,997.863894990792,29.199158670607233,128.7302703857422,1006.5359866784962,-182.6816759949313,-995.9653255443143,61.52579328706241,1.5542567223793564,1.5160973378219598,29.199158668406266,0.0
73,DE0_21,DE0_33,Al_St_240_40_4-bundle_380.0,5.32295036315918,3503.455780560384,2136.888500325062,2158.882305935018,61.621508623399855,112.61849212646484,-2109.4451132608983,341.37043949529027,2151.5103539891948,-178.25826083688264,3.246666186310248,3.2800823166857316,61.62150861649211,0.0
74,DE0_21,DE0_6,Al_St_240_40_4-bundle_380.0,5.32295036315918,3503.455780560384,1117.4192712524973,1134.9123450648838,32.3940821905665,89.54566192626953,-1112.8001194623814,101.49739844435291,1121.9508351823408,-171.03319681956887,1.6977429394912507,1.724320915397496,32.39408218667117,0.0
75,DE0_22,DE0_8,Al_St_240_40_4-bundle_380.0,5.32295036315918,3503.455780560384,1653.8603305537924,1631.4491190791891,47.20654217274735,114.67184448242188,1643.0466633564295,-188.81645853262785,-1618.022712110459,208.87491768753938,2.5127808077362044,2.478730494655866,47.20654216743184,0.0
76,DE0_22,DE0_8,Al_St_240_40_4-bundle_380.0,5.32295036315918,3503.455780560384,1653.8603305537924,1631.4491190791891,47.20654217274735,114.67184448242188,1643.0466633564295,-188.81645853262785,-1618.022712110459,208.87491768753938,2.5127808077362044,2.478730494655866,47.20654216743184,0.0
77,DE0_22,PL0_2,Al_St_240_40_4-bundle_380.0,5.32295036315918,3503.455780560384,2467.6420438262726,2426.3786078686417,70.43451375977033,212.3418426513672,2467.353715405943,-37.721340532786144,-2362.909791119076,551.335168256271,3.7491942055429326,3.6865009007386855,70.4345137518393,0.0
78,DE0_23,DE0_26,Al_St_240_40_4-bundle_380.0,5.32295036315918,3503.455780560384,642.2186924249635,624.715929621278,18.331006088001473,89.96147155761719,627.4056527472386,-137.13860069594332,-624.5227283992233,15.535586096682831,0.9757503550125044,0.94915765818342,18.331006085756453,0.0
79,DE0_23,DE0_32,Al_St_240_40_4-bundle_380.0,5.32295036315918,3503.455780560384,1159.1175249230398,1174.0769196791143,33.511966276089794,76.56114196777344,-1153.516873349224,113.80799392988234,1161.9137685668354,-168.56158440763392,1.7610968814599208,1.7838253301764029,33.5119662682276,0.0
8,BE0_0,BE0_1,Al_St_240_40_4-bundle_380.0,5.32295036315918,3503.455780560384,429.5611925397362,408.6138090044553,12.261070766848016,109.26180267333984,408.82022485635594,-131.86675807252914,-407.3323342647398,-32.33596096558346,0.6526507107949537,0.6208244541628388,12.261070764665265,0.0
80,DE0_23,DE0_6,Al_St_240_40_4-bundle_380.0,5.32295036315918,3503.455780560384,1752.3263072135567,1783.2179947769848,50.898829797468025,158.09881591796875,-1734.277373092087,250.8574896898846,1774.4087533593774,-177.0310506608099,2.6623843817208024,2.709319445222307,50.898829791347545,0.0
81,DE0_24,DE0_29,Al_St_240_40_4-bundle_380.0,5.32295036315918,3503.455780560384,3316.81781129653,3345.583891434937,95.49382384097923,148.45553588867188,-3211.328441969376,829.849402682466,3345.4471984194533,30.242639044347243,5.039383304997286,5.083088842146966,95.49382382611859,0.0
82,DE0_24,DE0_30,Al_St_240_40_4-bundle_380.0,5.32295036315918,3503.455780560384,4285.555435108231,4263.691970897567,122.32366279281963,112.98809051513672,4284.7567155987745,82.73618021697871,-4117.373563050047,1107.3861860222678,6.51122785181945,6.478009754634676,122.32366277327122,0.0
83,DE0_24,DE0_5,Al_St_240_40_4-bundle_380.0,5.32295036315918,3503.455780560384,1097.1392770341442,1118.2703074652584,31.919064418343794,108.19863891601562,-1093.399953108537,90.50489353208303,1104.0962208561584,-177.4824375807156,1.6669306758761744,1.6990359551109264,31.919064413415754,0.0
84,DE0_25,DE0_3,Al_St_240_40_4-bundle_380.0,5.32295036315918,3503.455780560384,581.9530883707558,564.1755734724275,16.61083012949207,91.52330780029297,566.5468718408268,-133.01894252938,-564.1545413078389,4.871470484796664,0.8841862426782283,0.8571761031592712,16.610830129053888,0.0
85,DE0_26,DE0_3,Al_St_240_40_4-bundle_380.0,5.32295036315918,3503.455780560384,660.7531341284728,676.7576104601337,19.31685892013414,82.15351867675781,-660.224034944823,26.43724535152287,663.1658064337217,-134.951756167979,1.0039105258720382,1.0282268119960503,19.316858919304217,0.0
86,DE0_27,DE0_4,Al_St_240_40_4-bundle_380.0,5.32295036315918,3503.455780560384,2362.3676809271233,2390.219079418751,68.22461104493892,83.73133850097656,-2351.226296501367,229.1636151954758,2389.750713609199,-47.315688959858335,3.6196881582043288,3.631562180836291,68.22461103471483,0.0
87,DE0_28,DE0_33,Al_St_240_40_4-bundle_380.0,5.32295036315918,3503.455780560384,2451.9896480997277,2434.772793635616,69.98774357892788,88.1732177734375,2444.4418743021906,-192.24244470516703,-2401.8946080589903,398.77418222012477,3.725412850463134,3.699254546482946,69.98774356881464,0.0
88,DE0_28,DE0_6,Al_St_240_40_4-bundle_380.0,5.32295036315918,3503.455780560384,2824.5827955605605,2799.9462059339244,80.62276142411488,126.49384307861328,2822.496967876039,-108.53034279535495,-2741.3167562351105,569.9835068740051,4.291509571393759,4.254078146100093,80.62276141246491,0.0
89,DE0_28,DE0_8,Al_St_240_40_4-bundle_380.0,5.32295036315918,3503.455780560384,549.9366786100402,524.4612820033905,15.69697787143404,132.3797607421875,526.5536943002622,-158.65546791519216,-523.5683119703635,-30.5918129757612,0.8355423404917783,0.7968364797682747,15.696977869165824,0.0
9,BE0_0,BE0_1,Al_St_240_40_4-bundle_380.0,5.32295036315918,3503.455780560384,429.5611925397362,408.6138090044553,12.261070766848016,109.26180267333984,408.82022485635594,-131.86675807252914,-407.3323342647398,-32.33596096558346,0.6526507107949537,0.6208244541628388,12.261070764665265,0.0
90,DE0_29,DE0_5,Al_St_240_40_4-bundle_380.0,5.32295036315918,3503.455780560384,4239.0031032389625,4221.653427340108,120.99490813498797,89.30619049072266,4238.694442287104,-51.15402422067501,-4109.433308537156,966.9103077627387,6.440498900973194,6.4141387955889675,120.99490811615885,0.0
91,DE0_29,DE0_5,Al_St_240_40_4-bundle_380.0,5.32295036315918,3503.455780560384,4239.0031032389625,4221.653427340108,120.99490813498797,89.30619049072266,4238.694442287104,-51.15402422067501,-4109.433308537156,966.9103077627387,6.440498900973194,6.4141387955889675,120.99490811615885,0.0
92,DE0_29,DK0_0,Al_St_240_40_4-bundle_380.0,5.32295036315918,3503.455780560384,1114.4252617454151,1149.9195638616839,32.82243692762557,181.93948364257812,-1112.4065687236096,67.04692294879985,1131.2142820485738,-206.56536844586267,1.6931940125271243,1.7471220253648525,32.822436922517774,0.0
93,DE0_29,DK0_0,Al_St_240_40_4-bundle_380.0,5.32295036315918,3503.455780560384,1114.4252617454151,1149.9195638616839,32.82243692762557,181.93948364257812,-1112.4065687236096,67.04692294879985,1131.2142820485738,-206.56536844586267,1.6931940125271243,1.7471220253648525,32.822436922517774,0.0
94,DE0_29,DK0_0,Al_St_240_40_4-bundle_380.0,5.32295036315918,3503.455780560384,1114.4252617454151,1149.9195638616839,32.82243692762557,181.93948364257812,-1112.4065687236096,67.04692294879985,1131.2142820485738,-206.56536844586267,1.6931940125271243,1.7471220253648525,32.822436922517774,0.0
95,DE0_3,DE0_6,Al_St_240_40_4-bundle_380.0,5.32295036315918,3503.455780560384,1874.6373221181502,1903.7436113620804,54.33902211426152,148.9976043701172,-1852.7941043609294,285.34031668113676,1895.9734728943595,-171.82644698310253,2.8482167434508754,2.89243917462042,54.33902210772735,0.0
96,DE0_32,DE0_35,Al_St_240_40_4-bundle_380.0,5.32295036315918,3503.455780560384,2063.545283068365,2042.184934912901,58.90028053210642,109.34944915771484,2055.348220969518,-183.74663488384118,-2018.0545538767888,313.00978572940113,3.1352326957499814,3.1027790044892556,58.90028051828791,0.0
97,DE0_32,DE0_7,Al_St_240_40_4-bundle_380.0,5.32295036315918,3503.455780560384,539.5113289536013,532.1637777464173,15.399404552133536,37.640750885009766,531.6766346468605,-91.61020816410006,-530.8081021121908,37.96109952823106,0.8197026603398342,0.8085392111989936,15.399404548520707,0.0
98,DE0_33,DE0_6,Al_St_240_40_4-bundle_380.0,5.32295036315918,3503.455780560384,1460.9501526397341,1441.8720324420053,41.70025951936098,97.61713409423828,1449.0065426519338,-186.42796960207386,-1432.4042635707435,164.96358277751864,2.2196841152753195,2.1906979104402167,41.70025951468639,0.0
99,DE0_33,DE0_8,Al_St_240_40_4-bundle_380.0,5.32295036315918,3503.455780560384,1469.4787253380764,1488.731853384532,42.49323943647454,98.51154327392578,-1459.5097972150902,170.8767861775978,1476.9122884748447,-187.22345855619,2.2326419409138443,2.2618940426610195,42.49323943194882,0.0
