name,bus,p_schedule_mw,p_result_raw_mw,result_sign_reversed,p_result_mw,delta_p_mw,participates_observed,observed_share
gen_DE0_7_0_onwind,DE0_7,3.061647891998291,3.0616478932943565,0,3.0616478932943565,1.2960654771632107e-09,0,0.0
gen_FR0_6_nuclear,FR0_6,3451.07470703125,3451.074707031208,0,3451.074707031208,-4.18367562815547e-11,0,0.0
gen_DE0_7_waste,DE0_7,0.01756168156862259,0.017561681561226894,0,0.017561681561226894,-7.395695167389249e-12,0,0.0
gen_FR0_6_ror,FR0_6,379.4988708496094,379.49887084961654,0,379.49887084961654,7.16227077646181e-12,0,0.0
gen_FR0_7_0_offwind-ac,FR0_7,856.3773193359375,856.377319335943,0,856.377319335943,5.4569682106375694e-12,0,0.0
gen_DE0_10_0_offwind-dc,DE0_10,18742.2109375,18742.210937500004,0,18742.210937500004,3.637978807091713e-12,0,0.0
gen_FR0_0_0_onwind,FR0_0,3938.573486328125,3938.5734863281223,0,3938.5734863281223,-2.7284841053187847e-12,0,0.0
gen_FR0_7_0_onwind,FR0_7,1182.80712890625,1182.807128906248,0,1182.807128906248,-2.0463630789890885e-12,0,0.0
gen_FR0_7_nuclear,FR0_7,1893.2733154296875,1893.2733154296857,0,1893.2733154296857,-1.8189894035458565e-12,0,0.0
gen_NL0_1_0_offwind-dc,NL0_1,12311.546875,12311.546875000002,0,12311.546875000002,1.8189894035458565e-12,0,0.0
gen_DE0_7_oil,DE0_7,0.0016829881351441145,0.0016829881368777833,0,0.0016829881368777833,1.7336687641034132e-12,0,0.0
gen_DE0_7_OCGT,DE0_7,0.003626967314630747,0.0036269673132954955,0,0.0036269673132954955,-1.335251353928868e-12,0,0.0
gen_FR0_10_nuclear,FR0_10,4242.22998046875,4242.229980468749,0,4242.229980468749,-9.094947017729282e-13,0,0.0
gen_FR0_9_nuclear,FR0_9,6596.4130859375,6596.413085937501,0,6596.413085937501,9.094947017729282e-13,0,0.0
gen_DE0_2_0_onwind,DE0_2,1079.9854736328125,1079.9854736328116,0,1079.9854736328116,-9.094947017729282e-13,0,0.0
gen_DE0_29_0_onwind,DE0_29,8102.18310546875,8102.183105468749,0,8102.183105468749,-9.094947017729282e-13,0,0.0
gen_FR0_4_0_onwind,FR0_4,5672.32861328125,5672.328613281249,0,5672.328613281249,-9.094947017729282e-13,0,0.0
gen_DK0_0_0_offwind-dc,DK0_0,4757.701171875,4757.701171874999,0,4757.701171874999,-9.094947017729282e-13,0,0.0
gen_DE0_24_0_onwind,DE0_24,1924.329833984375,1924.3298339843757,0,1924.3298339843757,6.821210263296962e-13,0,0.0
gen_DE0_7_CCGT,DE0_7,0.003619858995079994,0.003619858994515196,0,0.003619858994515196,-5.647982082024328e-13,0,0.0
gen_FR0_2_nuclear,FR0_2,2501.63916015625,2501.6391601562495,0,2501.6391601562495,-4.547473508864641e-13,0,0.0
gen_DE0_12_0_onwind,DE0_12,2218.54150390625,2218.5415039062495,0,2218.5415039062495,-4.547473508864641e-13,0,0.0
gen_DE0_5_0_onwind,DE0_5,2791.82958984375,2791.8295898437495,0,2791.8295898437495,-4.547473508864641e-13,0,0.0
gen_FR0_0_nuclear,FR0_0,497.4162902832031,497.41629028320347,0,497.41629028320347,3.410605131648481e-13,0,0.0
gen_DE0_20_coal,DE0_20,521.6849365234375,521.6849365234377,0,521.6849365234377,2.2737367544323206e-13,0,0.0
gen_DE0_32_coal,DE0_32,1538.9014892578125,1538.9014892578127,0,1538.9014892578127,2.2737367544323206e-13,0,0.0
gen_FR0_8_nuclear,FR0_8,1881.253662109375,1881.2536621093748,0,1881.2536621093748,-2.2737367544323206e-13,0,0.0
gen_DE0_1_0_onwind,DE0_1,1147.2432861328125,1147.2432861328123,0,1147.2432861328123,-2.2737367544323206e-13,0,0.0
gen_DE0_16_0_onwind,DE0_16,1243.3153076171875,1243.3153076171873,0,1243.3153076171873,-2.2737367544323206e-13,0,0.0
gen_DE0_22_0_onwind,DE0_22,797.9697875976562,797.969787597656,0,797.969787597656,-2.2737367544323206e-13,0,0.0
gen_DE0_30_0_onwind,DE0_30,1514.016357421875,1514.0163574218748,0,1514.0163574218748,-2.2737367544323206e-13,0,0.0
gen_DE0_4_0_onwind,DE0_4,1112.1885986328125,1112.1885986328127,0,1112.1885986328127,2.2737367544323206e-13,0,0.0
gen_FR0_10_0_onwind,FR0_10,1132.2418212890625,1132.2418212890623,0,1132.2418212890623,-2.2737367544323206e-13,0,0.0
gen_PL0_2_0_onwind,PL0_2,1204.807861328125,1204.8078613281252,0,1204.8078613281252,2.2737367544323206e-13,0,0.0
gen_FR0_9_0_offwind-ac,FR0_9,1276.8819580078125,1276.8819580078127,0,1276.8819580078127,2.2737367544323206e-13,0,0.0
gen_DE0_3_coal,DE0_3,471.9708251953125,471.97082519531267,0,471.97082519531267,1.7053025658242404e-13,0,0.0
gen_FR0_5_nuclear,FR0_5,161.1962890625,161.19628906250017,0,161.19628906250017,1.7053025658242404e-13,0,0.0
gen_FR0_5_biomass,FR0_5,208.27569580078125,208.2756958007811,0,208.2756958007811,-1.4210854715202004e-13,0,0.0
gen_DE0_2_biomass,DE0_2,311.904296875,311.9042968750001,0,311.9042968750001,1.1368683772161603e-13,0,0.0
gen_FR0_6_biomass,FR0_6,61.676021575927734,61.67602157592785,0,61.67602157592785,1.1368683772161603e-13,0,0.0
gen_NL0_0_biomass,NL0_0,639.9235229492188,639.9235229492189,0,639.9235229492189,1.1368683772161603e-13,0,0.0
gen_BE0_0_0_onwind,BE0_0,257.6883544921875,257.6883544921876,0,257.6883544921876,1.1368683772161603e-13,0,0.0
gen_BE0_1_0_onwind,BE0_1,541.427978515625,541.4279785156251,0,541.4279785156251,1.1368683772161603e-13,0,0.0
gen_DE0_18_0_onwind,DE0_18,540.2919921875,540.2919921875001,0,540.2919921875001,1.1368683772161603e-13,0,0.0
gen_DE0_27_0_onwind,DE0_27,524.8623657226562,524.8623657226561,0,524.8623657226561,-1.1368683772161603e-13,0,0.0
gen_DE0_31_0_onwind,DE0_31,752.5097045898438,752.5097045898436,0,752.5097045898436,-1.1368683772161603e-13,0,0.0
gen_FR0_5_0_onwind,FR0_5,93.28559112548828,93.2855911254884,0,93.2855911254884,1.1368683772161603e-13,0,0.0
gen_FR0_8_0_onwind,FR0_8,924.6786499023438,924.6786499023436,0,924.6786499023436,-1.1368683772161603e-13,0,0.0
gen_FR0_9_0_onwind,FR0_9,564.5664672851562,564.5664672851564,0,564.5664672851564,1.1368683772161603e-13,0,0.0
gen_PL0_2_0_offwind-dc,PL0_2,803.3666381835938,803.3666381835939,0,803.3666381835939,1.1368683772161603e-13,0,0.0
gen_FR0_1_ror,FR0_1,748.5563354492188,748.5563354492186,0,748.5563354492186,-1.1368683772161603e-13,0,0.0
gen_FR0_5_ror,FR0_5,395.208984375,395.2089843750001,0,395.2089843750001,1.1368683772161603e-13,0,0.0
gen_hvdc_recv_relation_8193755-320-DC_bu,BE0_0,999.9442138671875,999.9442138671876,0,999.9442138671876,1.1368683772161603e-13,0,0.0
gen_FR0_6_0_onwind,FR0_6,99.59051513671875,99.59051513671884,0,99.59051513671884,8.526512829121202e-14,0,0.0
gen_BE0_0_biomass,BE0_0,67.97464752197266,67.97464752197271,0,67.97464752197271,5.684341886080802e-14,0,0.0
gen_DE0_1_biomass,DE0_1,253.12857055664062,253.12857055664057,0,253.12857055664057,-5.684341886080802e-14,0,0.0
gen_DE0_12_biomass,DE0_12,365.4674987792969,365.4674987792968,0,365.4674987792968,-5.684341886080802e-14,0,0.0
gen_DE0_16_biomass,DE0_16,337.61285400390625,337.6128540039062,0,337.6128540039062,-5.684341886080802e-14,0,0.0
gen_DE0_17_biomass,DE0_17,146.61363220214844,146.61363220214838,0,146.61363220214838,-5.684341886080802e-14,0,0.0
gen_DE0_23_biomass,DE0_23,336.6256103515625,336.62561035156256,0,336.62561035156256,5.684341886080802e-14,0,0.0
gen_DE0_29_biomass,DE0_29,497.1222839355469,497.1222839355468,0,497.1222839355468,-5.684341886080802e-14,0,0.0
gen_DE0_6_biomass,DE0_6,296.89801025390625,296.8980102539062,0,296.8980102539062,-5.684341886080802e-14,0,0.0
gen_PL0_0_biomass,PL0_0,316.9706726074219,316.9706726074218,0,316.9706726074218,-5.684341886080802e-14,0,0.0
gen_DE0_17_0_onwind,DE0_17,418.71490478515625,418.7149047851563,0,418.7149047851563,5.684341886080802e-14,0,0.0
gen_DE0_33_0_onwind,DE0_33,301.43988037109375,301.4398803710937,0,301.4398803710937,-5.684341886080802e-14,0,0.0
gen_DE0_6_0_onwind,DE0_6,234.31813049316406,234.31813049316412,0,234.31813049316412,5.684341886080802e-14,0,0.0
gen_DK0_0_0_onwind,DK0_0,381.5066223144531,381.50662231445307,0,381.50662231445307,-5.684341886080802e-14,0,0.0
gen_DE0_29_0_offwind-ac,DE0_29,458.0675048828125,458.06750488281256,0,458.06750488281256,5.684341886080802e-14,0,0.0
gen_FR0_4_0_offwind-ac,FR0_4,434.4200439453125,434.42004394531256,0,434.42004394531256,5.684341886080802e-14,0,0.0
gen_DE0_14_ror,DE0_14,270.1608581542969,270.16085815429693,0,270.16085815429693,5.684341886080802e-14,0,0.0
gen_DE0_20_biomass,DE0_20,96.64617919921875,96.64617919921879,0,96.64617919921879,4.263256414560601e-14,0,0.0
gen_BE0_1_biomass,BE0_1,44.97589111328125,44.97589111328128,0,44.97589111328128,2.842170943040401e-14,0,0.0
gen_DE0_13_biomass,DE0_13,121.01864624023438,121.0186462402344,0,121.0186462402344,2.842170943040401e-14,0,0.0
gen_DE0_22_biomass,DE0_22,231.3606414794922,231.36064147949216,0,231.36064147949216,-2.842170943040401e-14,0,0.0
gen_DE0_25_biomass,DE0_25,235.8056182861328,235.80561828613284,0,235.80561828613284,2.842170943040401e-14,0,0.0
gen_DE0_34_biomass,DE0_34,196.11105346679688,196.1110534667969,0,196.1110534667969,2.842170943040401e-14,0,0.0
gen_DE0_35_biomass,DE0_35,168.64370727539062,168.6437072753906,0,168.6437072753906,-2.842170943040401e-14,0,0.0
gen_DE0_9_biomass,DE0_9,240.0738983154297,240.07389831542966,0,240.07389831542966,-2.842170943040401e-14,0,0.0
gen_PL0_2_biomass,PL0_2,255.9694366455078,255.96943664550778,0,255.96943664550778,-2.842170943040401e-14,0,0.0
gen_DE0_27_ror,DE0_27,60.338382720947266,60.33838272094724,0,60.33838272094724,-2.842170943040401e-14,0,0.0
gen_FR0_11_ror,FR0_11,216.3397979736328,216.33979797363284,0,216.33979797363284,2.842170943040401e-14,0,0.0
gen_DE0_18_biomass,DE0_18,63.93107223510742,63.93107223510744,0,63.93107223510744,2.1316282072803006e-14,0,0.0
gen_CH0_0_nuclear,CH0_0,60.96945571899414,60.969455718994155,0,60.969455718994155,1.4210854715202004e-14,0,0.0
gen_CZ0_0_biomass,CZ0_0,109.97576141357422,109.9757614135742,0,109.9757614135742,-1.4210854715202004e-14,0,0.0
gen_FR0_2_biomass,FR0_2,89.17589569091797,89.17589569091798,0,89.17589569091798,1.4210854715202004e-14,0,0.0
gen_FR0_9_biomass,FR0_9,49.97609329223633,49.97609329223634,0,49.97609329223634,1.4210854715202004e-14,0,0.0
gen_DE0_32_0_onwind,DE0_32,71.97197723388672,71.9719772338867,0,71.9719772338867,-1.4210854715202004e-14,0,0.0
gen_FR0_2_0_onwind,FR0_2,114.60956573486328,114.6095657348633,0,114.6095657348633,1.4210854715202004e-14,0,0.0
gen_DE0_21_ror,DE0_21,22.932771682739258,22.932771682739247,0,22.932771682739247,-1.0658141036401503e-14,0,0.0
gen_CH0_0_biomass,CH0_0,58.97590637207031,58.975906372070305,0,58.975906372070305,-7.105427357601002e-15,0,0.0
gen_DE0_27_biomass,DE0_27,49.77601623535156,49.776016235351555,0,49.776016235351555,-7.105427357601002e-15,0,0.0
gen_DE0_21_0_onwind,DE0_21,24.958215713500977,24.958215713500984,0,24.958215713500984,7.105427357601002e-15,0,0.0
gen_DE0_26_0_onwind,DE0_26,29.845394134521484,29.845394134521477,0,29.845394134521477,-7.105427357601002e-15,0,0.0
gen_DE0_3_0_onwind,DE0_3,33.47480010986328,33.47480010986329,0,33.47480010986329,7.105427357601002e-15,0,0.0
gen_FR0_5_0_offwind-ac,FR0_5,17.645597457885742,17.64559745788575,0,17.64559745788575,7.105427357601002e-15,0,0.0
gen_FR0_8_0_offwind-ac,FR0_8,48.26564407348633,48.26564407348632,0,48.26564407348632,-7.105427357601002e-15,0,0.0
gen_PL0_2_0_offwind-ac,PL0_2,33.30194854736328,33.30194854736329,0,33.30194854736329,7.105427357601002e-15,0,0.0
gen_DE0_13_ror,DE0_13,47.70796585083008,47.707965850830085,0,47.707965850830085,7.105427357601002e-15,0,0.0
gen_DE0_20_ror,DE0_20,19.844118118286133,19.84411811828614,0,19.84411811828614,7.105427357601002e-15,0,0.0
gen_DE0_23_ror,DE0_23,59.282894134521484,59.28289413452149,0,59.28289413452149,7.105427357601002e-15,0,0.0
gen_DE0_8_ror,DE0_8,28.77687644958496,28.776876449584968,0,28.776876449584968,7.105427357601002e-15,0,0.0
gen_FR0_8_ror,FR0_8,63.715431213378906,63.7154312133789,0,63.7154312133789,-7.105427357601002e-15,0,0.0
gen_DE0_18_ror,DE0_18,27.19721794128418,27.197217941284176,0,27.197217941284176,-3.552713678800501e-15,0,0.0
gen_DE0_24_ror,DE0_24,17.78348159790039,17.783481597900394,0,17.783481597900394,3.552713678800501e-15,0,0.0
gen_FR0_2_ror,FR0_2,27.67514419555664,27.675144195556644,0,27.675144195556644,3.552713678800501e-15,0,0.0
gen_DE0_3_geothermal,DE0_3,11.093636512756348,11.093636512756346,0,11.093636512756346,-1.7763568394002505e-15,0,0.0
gen_CZ0_0_ror,CZ0_0,7.250129222869873,7.250129222869875,0,7.250129222869875,1.7763568394002505e-15,0,0.0
gen_DE0_28_ror,DE0_28,11.531608581542969,11.531608581542967,0,11.531608581542967,-1.7763568394002505e-15,0,0.0
gen_DE0_35_ror,DE0_35,8.960408210754395,8.960408210754393,0,8.960408210754393,-1.7763568394002505e-15,0,0.0
gen_DE0_9_ror,DE0_9,10.789052963256836,10.789052963256838,0,10.789052963256838,1.7763568394002505e-15,0,0.0
gen_DE0_33_ror,DE0_33,6.38759708404541,6.387597084045409,0,6.387597084045409,-8.881784197001252e-16,0,0.0
gen_DE0_5_ror,DE0_5,0.9359992146492004,0.9359992146492,0,0.9359992146492,-4.440892098500626e-16,0,0.0
gen_FR0_6_waste,FR0_6,0.021291177719831467,0.02129117771983121,0,0.02129117771983121,-2.5673907444456745e-16,0,0.0
gen_FR0_6_geothermal,FR0_6,1.6939740180969238,1.6939740180969236,0,1.6939740180969236,-2.220446049250313e-16,0,0.0
gen_DE0_16_ror,DE0_16,0.8259812593460083,0.8259812593460081,0,0.8259812593460081,-2.220446049250313e-16,0,0.0
gen_FR0_6_CCGT,FR0_6,0.0065832058899104595,0.006583205889910381,0,0.006583205889910381,-7.892991815694472e-17,0,0.0
gen_DE0_2_coal,DE0_2,0.07449962943792343,0.07449962943792349,0,0.07449962943792349,5.551115123125783e-17,0,0.0
gen_BE0_0_waste,BE0_0,0.020814666524529457,0.020814666524529485,0,0.020814666524529485,2.7755575615628914e-17,0,0.0
gen_FR0_0_0_offwind-dc,FR0_0,0.19013144075870514,0.19013144075870517,0,0.19013144075870517,2.7755575615628914e-17,0,0.0
gen_FR0_6_oil,FR0_6,0.001707241521216929,0.0017072415212169457,0,0.0017072415212169457,1.6696713456276768e-17,0,0.0
gen_FR0_7_oil,FR0_7,0.0017066393047571182,0.0017066393047571037,0,0.0017066393047571037,-1.452830911130576e-17,0,0.0
gen_DE0_33_coal,DE0_33,0.05541541054844856,0.055415410548448576,0,0.055415410548448576,1.3877787807814457e-17,0,0.0
gen_DE0_5_coal,DE0_5,0.03451954573392868,0.03451954573392867,0,0.03451954573392867,-1.3877787807814457e-17,0,0.0
gen_DE0_6_lignite,DE0_6,0.04099801555275917,0.040998015552759184,0,0.040998015552759184,1.3877787807814457e-17,0,0.0
gen_FR0_2_0_offwind-dc,FR0_2,0.10407419502735138,0.1040741950273514,0,0.1040741950273514,1.3877787807814457e-17,0,0.0
gen_FR0_7_CCGT,FR0_7,0.003430068725720048,0.0034300687257200605,0,0.0034300687257200605,1.2576745200831851e-17,0,0.0
gen_FR0_0_CCGT,FR0_0,0.006806898862123489,0.00680689886212348,0,0.00680689886212348,-9.540979117872439e-18,0,0.0
gen_BE0_0_CCGT,BE0_0,0.006525358650833368,0.006525358650833361,0,0.006525358650833361,-6.938893903907228e-18,0,0.0
gen_BE0_1_waste,BE0_1,0.02182513289153576,0.021825132891535766,0,0.021825132891535766,6.938893903907228e-18,0,0.0
gen_DE0_18_coal,DE0_18,0.04217740148305893,0.042177401483058936,0,0.042177401483058936,6.938893903907228e-18,0,0.0
gen_DE0_18_lignite,DE0_18,0.028534268960356712,0.02853426896035672,0,0.02853426896035672,6.938893903907228e-18,0,0.0
gen_DE0_20_lignite,DE0_20,0.05130060389637947,0.05130060389637948,0,0.05130060389637948,6.938893903907228e-18,0,0.0
gen_DE0_20_waste,DE0_20,0.01823245733976364,0.018232457339763634,0,0.018232457339763634,-6.938893903907228e-18,0,0.0
gen_DE0_23_lignite,DE0_23,0.05622045323252678,0.05622045323252677,0,0.05622045323252677,-6.938893903907228e-18,0,0.0
gen_DE0_30_coal,DE0_30,0.04387281462550163,0.043872814625501626,0,0.043872814625501626,-6.938893903907228e-18,0,0.0
gen_DE0_9_coal,DE0_9,0.05272093787789345,0.05272093787789344,0,0.05272093787789344,-6.938893903907228e-18,0,0.0
gen_hvdc_recv_TYNDP2020_1_NEP_DC3_bus1,DE0_32,0.04025818035006523,0.04025818035006524,0,0.04025818035006524,6.938893903907228e-18,0,0.0
gen_hvdc_recv_DC2_bus1,FR0_6,0.05953921005129814,0.05953921005129815,0,0.05953921005129815,6.938893903907228e-18,0,0.0
gen_FR0_5_CCGT,FR0_5,0.00650567002594471,0.006505670025944714,0,0.006505670025944714,4.336808689942018e-18,0,0.0
gen_DE0_2_OCGT,DE0_2,0.0035165275912731886,0.0035165275912731847,0,0.0035165275912731847,-3.903127820947816e-18,0,0.0
gen_CH0_0_waste,CH0_0,0.021942362189292908,0.021942362189292904,0,0.021942362189292904,-3.469446951953614e-18,0,0.0
gen_DE0_0_waste,DE0_0,0.01760440692305565,0.017604406923055652,0,0.017604406923055652,3.469446951953614e-18,0,0.0
gen_DE0_13_waste,DE0_13,0.018941370770335197,0.0189413707703352,0,0.0189413707703352,3.469446951953614e-18,0,0.0
gen_DE0_14_waste,DE0_14,0.021576905623078346,0.02157690562307835,0,0.02157690562307835,3.469446951953614e-18,0,0.0
gen_DE0_16_waste,DE0_16,0.014953960664570332,0.014953960664570328,0,0.014953960664570328,-3.469446951953614e-18,0,0.0
gen_DE0_17_waste,DE0_17,0.01677827723324299,0.016778277233242992,0,0.016778277233242992,3.469446951953614e-18,0,0.0
gen_DE0_19_lignite,DE0_19,0.028484119102358818,0.02848411910235882,0,0.02848411910235882,3.469446951953614e-18,0,0.0
gen_DE0_23_waste,DE0_23,0.01867786794900894,0.018677867949008938,0,0.018677867949008938,-3.469446951953614e-18,0,0.0
gen_DE0_24_waste,DE0_24,0.01282260287553072,0.012822602875530723,0,0.012822602875530723,3.469446951953614e-18,0,0.0
gen_DE0_26_waste,DE0_26,0.020344600081443787,0.020344600081443783,0,0.020344600081443783,-3.469446951953614e-18,0,0.0
gen_DE0_3_waste,DE0_3,0.022491810843348503,0.0224918108433485,0,0.0224918108433485,-3.469446951953614e-18,0,0.0
gen_DE0_4_waste,DE0_4,0.015336438082158566,0.015336438082158569,0,0.015336438082158569,3.469446951953614e-18,0,0.0
gen_DE0_6_waste,DE0_6,0.016658317297697067,0.016658317297697064,0,0.016658317297697064,-3.469446951953614e-18,0,0.0
gen_FR0_10_waste,FR0_10,0.02198018878698349,0.021980188786983487,0,0.021980188786983487,-3.469446951953614e-18,0,0.0
gen_FR0_9_waste,FR0_9,0.021526150405406952,0.021526150405406955,0,0.021526150405406955,3.469446951953614e-18,0,0.0
gen_PL0_2_waste,PL0_2,0.017923813313245773,0.017923813313245777,0,0.017923813313245777,3.469446951953614e-18,0,0.0
gen_hvdc_recv_DC5_bus1,DE0_26,0.02831193618476391,0.028311936184763912,0,0.028311936184763912,3.469446951953614e-18,0,0.0
gen_DE0_21_CCGT,DE0_21,0.0052082734182477,0.005208273418247702,0,0.005208273418247702,2.6020852139652106e-18,0,0.0
gen_DE0_12_waste,DE0_12,0.015441845171153545,0.015441845171153547,0,0.015441845171153547,1.734723475976807e-18,0,0.0
gen_DE0_18_waste,DE0_18,0.014211532659828663,0.014211532659828665,0,0.014211532659828665,1.734723475976807e-18,0,0.0
gen_DE0_2_CCGT,DE0_2,0.00501625332981348,0.005016253329813479,0,0.005016253329813479,-1.734723475976807e-18,0,0.0
gen_DE0_20_CCGT,DE0_20,0.004759580362588167,0.004759580362588169,0,0.004759580362588169,1.734723475976807e-18,0,0.0
gen_DE0_28_CCGT,DE0_28,0.005015637259930372,0.005015637259930374,0,0.005015637259930374,1.734723475976807e-18,0,0.0
gen_DE0_31_waste,DE0_31,0.015009993687272072,0.01500999368727207,0,0.01500999368727207,-1.734723475976807e-18,0,0.0
gen_DE0_35_CCGT,DE0_35,0.006260956637561321,0.006260956637561323,0,0.006260956637561323,1.734723475976807e-18,0,0.0
gen_DE0_5_waste,DE0_5,0.013480044901371002,0.013480044901371004,0,0.013480044901371004,1.734723475976807e-18,0,0.0
gen_DK0_0_waste,DK0_0,0.012510939501225948,0.012510939501225947,0,0.012510939501225947,-1.734723475976807e-18,0,0.0
gen_FR0_10_CCGT,FR0_10,0.00663655623793602,0.006636556237936018,0,0.006636556237936018,-1.734723475976807e-18,0,0.0
gen_FR0_2_CCGT,FR0_2,0.006601603236049414,0.006601603236049415,0,0.006601603236049415,1.734723475976807e-18,0,0.0
gen_DE0_17_OCGT,DE0_17,0.003579947864636779,0.0035799478646367775,0,0.0035799478646367775,-1.3010426069826053e-18,0,0.0
gen_BE0_0_oil,BE0_0,0.0016920482739806175,0.0016920482739806167,0,0.0016920482739806167,-8.673617379884035e-19,0,0.0
gen_BE0_1_CCGT,BE0_1,0.006601828150451183,0.006601828150451184,0,0.006601828150451184,8.673617379884035e-19,0,0.0
gen_CH0_0_CCGT,CH0_0,0.00656907306984067,0.006569073069840669,0,0.006569073069840669,-8.673617379884035e-19,0,0.0
gen_DE0_1_CCGT,DE0_1,0.004534551408141851,0.0045345514081418506,0,0.0045345514081418506,-8.673617379884035e-19,0,0.0
gen_DE0_13_CCGT,DE0_13,0.0048895180225372314,0.004889518022537232,0,0.004889518022537232,8.673617379884035e-19,0,0.0
gen_DE0_14_OCGT,DE0_14,0.003762075211852789,0.003762075211852788,0,0.003762075211852788,-8.673617379884035e-19,0,0.0
gen_DE0_16_OCGT,DE0_16,0.0034796588588505983,0.0034796588588505975,0,0.0034796588588505975,-8.673617379884035e-19,0,0.0
gen_DE0_17_CCGT,DE0_17,0.004346940200775862,0.004346940200775863,0,0.004346940200775863,8.673617379884035e-19,0,0.0
gen_DE0_18_OCGT,DE0_18,0.0034361970610916615,0.0034361970610916623,0,0.0034361970610916623,8.673617379884035e-19,0,0.0
gen_DE0_23_CCGT,DE0_23,0.005002943333238363,0.005002943333238362,0,0.005002943333238362,-8.673617379884035e-19,0,0.0
gen_DE0_24_CCGT,DE0_24,0.005000486969947815,0.005000486969947816,0,0.005000486969947816,8.673617379884035e-19,0,0.0
gen_DE0_26_CCGT,DE0_26,0.004641348030418158,0.004641348030418157,0,0.004641348030418157,-8.673617379884035e-19,0,0.0
gen_DE0_27_CCGT,DE0_27,0.0052434103563427925,0.005243410356342792,0,0.005243410356342792,-8.673617379884035e-19,0,0.0
gen_DE0_27_OCGT,DE0_27,0.0035334548447281122,0.0035334548447281114,0,0.0035334548447281114,-8.673617379884035e-19,0,0.0
gen_DE0_28_OCGT,DE0_28,0.003527153981849551,0.0035271539818495503,0,0.0035271539818495503,-8.673617379884035e-19,0,0.0
gen_DE0_3_CCGT,DE0_3,0.00668708560988307,0.006687085609883071,0,0.006687085609883071,8.673617379884035e-19,0,0.0
gen_DE0_3_OCGT,DE0_3,0.0036037180107086897,0.0036037180107086906,0,0.0036037180107086906,8.673617379884035e-19,0,0.0
gen_DE0_30_CCGT,DE0_30,0.0034980543423444033,0.0034980543423444024,0,0.0034980543423444024,-8.673617379884035e-19,0,0.0
gen_DE0_31_CCGT,DE0_31,0.0037816178519278765,0.0037816178519278756,0,0.0037816178519278756,-8.673617379884035e-19,0,0.0
gen_DE0_33_OCGT,DE0_33,0.003482248168438673,0.003482248168438674,0,0.003482248168438674,8.673617379884035e-19,0,0.0
gen_DE0_34_CCGT,DE0_34,0.004210738930851221,0.00421073893085122,0,0.00421073893085122,-8.673617379884035e-19,0,0.0
gen_DE0_35_OCGT,DE0_35,0.0037010142114013433,0.0037010142114013425,0,0.0037010142114013425,-8.673617379884035e-19,0,0.0
gen_DE0_5_OCGT,DE0_5,0.0033993220422416925,0.0033993220422416917,0,0.0033993220422416917,-8.673617379884035e-19,0,0.0
gen_DE0_6_CCGT,DE0_6,0.004132604692131281,0.004132604692131282,0,0.004132604692131282,8.673617379884035e-19,0,0.0
gen_DE0_8_CCGT,DE0_8,0.005402920767664909,0.0054029207676649085,0,0.0054029207676649085,-8.673617379884035e-19,0,0.0
gen_DE0_8_OCGT,DE0_8,0.003525666892528534,0.003525666892528535,0,0.003525666892528535,8.673617379884035e-19,0,0.0
gen_DE0_9_CCGT,DE0_9,0.0052957418374717236,0.005295741837471724,0,0.005295741837471724,8.673617379884035e-19,0,0.0
gen_FR0_11_CCGT,FR0_11,0.006468252744525671,0.006468252744525672,0,0.006468252744525672,8.673617379884035e-19,0,0.0
gen_FR0_4_CCGT,FR0_4,0.006613509263843298,0.006613509263843297,0,0.006613509263843297,-8.673617379884035e-19,0,0.0
gen_PL0_2_CCGT,PL0_2,0.006287733558565378,0.006287733558565379,0,0.006287733558565379,8.673617379884035e-19,0,0.0
gen_BE0_1_0_offwind-float,BE0_1,0.004049747716635466,0.0040497477166354665,0,0.0040497477166354665,8.673617379884035e-19,0,0.0
gen_FR0_0_0_offwind-float,FR0_0,0.0043126377277076244,0.004312637727707625,0,0.004312637727707625,8.673617379884035e-19,0,0.0
gen_FR0_5_0_offwind-float,FR0_5,0.0026046785060316324,0.0026046785060316316,0,0.0026046785060316316,-8.673617379884035e-19,0,0.0
gen_FR0_7_0_offwind-float,FR0_7,0.004232682287693024,0.0042326822876930245,0,0.0042326822876930245,8.673617379884035e-19,0,0.0
gen_FR0_8_0_offwind-float,FR0_8,0.004414777271449566,0.004414777271449567,0,0.004414777271449567,8.673617379884035e-19,0,0.0
gen_FR0_9_0_offwind-float,FR0_9,0.004475940950214863,0.004475940950214864,0,0.004475940950214864,8.673617379884035e-19,0,0.0
gen_DE0_24_0_offwind-ac,DE0_24,0.0044262465089559555,0.004426246508955956,0,0.004426246508955956,8.673617379884035e-19,0,0.0
gen_DE0_5_0_offwind-ac,DE0_5,0.004882137756794691,0.00488213775679469,0,0.00488213775679469,-8.673617379884035e-19,0,0.0
gen_FR0_2_0_offwind-ac,FR0_2,0.007369020953774452,0.007369020953774453,0,0.007369020953774453,8.673617379884035e-19,0,0.0
gen_DE0_17_oil,DE0_17,0.001671217498369515,0.0016712174983695156,0,0.0016712174983695156,6.505213034913027e-19,0,0.0
gen_DE0_1_OCGT,DE0_1,0.0034811538644135,0.0034811538644134994,0,0.0034811538644134994,-4.336808689942018e-19,0,0.0
gen_DE0_10_OCGT,DE0_10,0.0031092572025954723,0.0031092572025954728,0,0.0031092572025954728,4.336808689942018e-19,0,0.0
gen_DE0_11_OCGT,DE0_11,0.0035106618888676167,0.003510661888867617,0,0.003510661888867617,4.336808689942018e-19,0,0.0
gen_DE0_12_oil,DE0_12,0.0017415836919099092,0.0017415836919099088,0,0.0017415836919099088,-4.336808689942018e-19,0,0.0
gen_DE0_13_OCGT,DE0_13,0.0036788431461900473,0.0036788431461900477,0,0.0036788431461900477,4.336808689942018e-19,0,0.0
gen_DE0_16_oil,DE0_16,0.0016266393940895796,0.0016266393940895791,0,0.0016266393940895791,-4.336808689942018e-19,0,0.0
gen_DE0_19_OCGT,DE0_19,0.0033902388531714678,0.0033902388531714673,0,0.0033902388531714673,-4.336808689942018e-19,0,0.0
gen_DE0_2_oil,DE0_2,0.0016592845786362886,0.001659284578636289,0,0.001659284578636289,4.336808689942018e-19,0,0.0
gen_DE0_20_OCGT,DE0_20,0.0036420412361621857,0.0036420412361621852,0,0.0036420412361621852,-4.336808689942018e-19,0,0.0
gen_DE0_21_oil,DE0_21,0.0017657906282693148,0.0017657906282693152,0,0.0017657906282693152,4.336808689942018e-19,0,0.0
gen_DE0_24_OCGT,DE0_24,0.003232615999877453,0.0032326159998774524,0,0.0032326159998774524,-4.336808689942018e-19,0,0.0
gen_DE0_25_OCGT,DE0_25,0.0038157785311341286,0.003815778531134129,0,0.003815778531134129,4.336808689942018e-19,0,0.0
gen_DE0_26_OCGT,DE0_26,0.003723125671967864,0.0037231256719678636,0,0.0037231256719678636,-4.336808689942018e-19,0,0.0
gen_DE0_28_oil,DE0_28,0.0016559825744479895,0.001655982574447989,0,0.001655982574447989,-4.336808689942018e-19,0,0.0
gen_DE0_29_OCGT,DE0_29,0.0028718982357531786,0.002871898235753178,0,0.002871898235753178,-4.336808689942018e-19,0,0.0
gen_DE0_30_OCGT,DE0_30,0.0035989750176668167,0.0035989750176668163,0,0.0035989750176668163,-4.336808689942018e-19,0,0.0
gen_DE0_32_OCGT,DE0_32,0.0036381359677761793,0.0036381359677761797,0,0.0036381359677761797,4.336808689942018e-19,0,0.0
gen_DE0_32_oil,DE0_32,0.0016870051622390747,0.0016870051622390751,0,0.0016870051622390751,4.336808689942018e-19,0,0.0
gen_DE0_34_OCGT,DE0_34,0.003509105648845434,0.0035091056488454338,0,0.0035091056488454338,-4.336808689942018e-19,0,0.0
gen_FR0_10_oil,FR0_10,0.0017134653171524405,0.0017134653171524401,0,0.0017134653171524401,-4.336808689942018e-19,0,0.0
gen_DE0_10_0_offwind-float,DE0_10,0.002905255649238825,0.0029052556492388253,0,0.0029052556492388253,4.336808689942018e-19,0,0.0
gen_DE0_16_0_offwind-float,DE0_16,0.0019425138598307967,0.0019425138598307963,0,0.0019425138598307963,-4.336808689942018e-19,0,0.0
gen_DE0_5_0_offwind-float,DE0_5,0.002616132842376828,0.0026161328423768286,0,0.0026161328423768286,4.336808689942018e-19,0,0.0
gen_NL0_1_0_offwind-float,NL0_1,0.0035863646771758795,0.003586364677175879,0,0.003586364677175879,-4.336808689942018e-19,0,0.0
gen_BE0_1_oil,BE0_1,0.0017090212786570191,0.001709021278657019,0,0.001709021278657019,-2.168404344971009e-19,0,0.0
gen_DE0_0_oil,DE0_0,0.0017135984962806106,0.0017135984962806108,0,0.0017135984962806108,2.168404344971009e-19,0,0.0
gen_DE0_11_oil,DE0_11,0.0016539455391466618,0.001653945539146662,0,0.001653945539146662,2.168404344971009e-19,0,0.0
gen_DE0_13_oil,DE0_13,0.0016933075385168195,0.0016933075385168197,0,0.0016933075385168197,2.168404344971009e-19,0,0.0
gen_DE0_14_oil,DE0_14,0.0017001056112349033,0.0017001056112349036,0,0.0017001056112349036,2.168404344971009e-19,0,0.0
gen_DE0_15_oil,DE0_15,0.0016741009894758463,0.001674100989475846,0,0.001674100989475846,-2.168404344971009e-19,0,0.0
gen_DE0_19_oil,DE0_19,0.0016309390775859356,0.0016309390775859358,0,0.0016309390775859358,2.168404344971009e-19,0,0.0
gen_DE0_20_oil,DE0_20,0.0016867767553776503,0.00168677675537765,0,0.00168677675537765,-2.168404344971009e-19,0,0.0
gen_DE0_24_oil,DE0_24,0.0016177918296307325,0.0016177918296307328,0,0.0016177918296307328,2.168404344971009e-19,0,0.0
gen_DE0_27_oil,DE0_27,0.001658061402849853,0.0016580614028498528,0,0.0016580614028498528,-2.168404344971009e-19,0,0.0
gen_DE0_29_oil,DE0_29,0.0016162507236003876,0.0016162507236003874,0,0.0016162507236003874,-2.168404344971009e-19,0,0.0
gen_DE0_33_oil,DE0_33,0.0016496279276907444,0.0016496279276907442,0,0.0016496279276907442,-2.168404344971009e-19,0,0.0
gen_DE0_34_oil,DE0_34,0.0017123068682849407,0.001712306868284941,0,0.001712306868284941,2.168404344971009e-19,0,0.0
gen_DE0_4_oil,DE0_4,0.0016771828522905707,0.0016771828522905705,0,0.0016771828522905705,-2.168404344971009e-19,0,0.0
gen_DE0_5_oil,DE0_5,0.0016324801836162806,0.0016324801836162803,0,0.0016324801836162803,-2.168404344971009e-19,0,0.0
gen_DE0_6_oil,DE0_6,0.0016716484678909183,0.0016716484678909185,0,0.0016716484678909185,2.168404344971009e-19,0,0.0
gen_DE0_8_oil,DE0_8,0.00165813066996634,0.0016581306699663398,0,0.0016581306699663398,-2.168404344971009e-19,0,0.0
gen_DE0_9_oil,DE0_9,0.0016391923418268561,0.0016391923418268564,0,0.0016391923418268564,2.168404344971009e-19,0,0.0
gen_FR0_5_oil,FR0_5,0.00171349523589015,0.0017134952358901499,0,0.0017134952358901499,-2.168404344971009e-19,0,0.0
gen_DE0_24_0_offwind-float,DE0_24,0.0016396001446992159,0.0016396001446992157,0,0.0016396001446992157,-2.168404344971009e-19,0,0.0
gen_PL0_2_0_offwind-float,PL0_2,0.0003947526856791228,0.00039475268567912286,0,0.00039475268567912286,5.421010862427522e-20,0,0.0
gen_AT0_0_CCGT,AT0_0,0.006721520330756903,0.006721520330756903,0,0.006721520330756903,0.0,0,0.0
gen_AT0_0_biomass,AT0_0,131.97584533691406,131.97584533691406,0,131.97584533691406,0.0,0,0.0
gen_AT0_0_oil,AT0_0,0.0017128913896158338,0.0017128913896158338,0,0.0017128913896158338,0.0,0,0.0
gen_AT0_0_waste,AT0_0,0.02202618308365345,0.02202618308365345,0,0.02202618308365345,0.0,0,0.0
gen_BE0_0_nuclear,BE0_0,0.5131258368492126,0.5131258368492126,0,0.5131258368492126,0.0,0,0.0
gen_BE0_1_nuclear,BE0_1,218.54989624023438,218.54989624023438,0,218.54989624023438,0.0,0,0.0
gen_CZ0_0_CCGT,CZ0_0,0.006622958928346634,0.006622958928346634,0,0.006622958928346634,0.0,0,0.0
gen_CZ0_0_coal,CZ0_0,439.857177734375,439.857177734375,0,439.857177734375,0.0,0,0.0
gen_CZ0_0_lignite,CZ0_0,0.21021638810634613,0.21021638810634613,0,0.21021638810634613,0.0,0,0.0
gen_CZ0_0_nuclear,CZ0_0,72.16045379638672,72.16045379638672,0,72.16045379638672,0.0,0,0.0
gen_CZ0_0_waste,CZ0_0,0.021456243470311165,0.021456243470311165,0,0.021456243470311165,0.0,0,0.0
gen_DE0_0_CCGT,DE0_0,0.004799892194569111,0.004799892194569111,0,0.004799892194569111,0.0,0,0.0
gen_DE0_0_OCGT,DE0_0,0.003613612148910761,0.003613612148910761,0,0.003613612148910761,0.0,0,0.0
gen_DE0_0_biomass,DE0_0,99.2959976196289,99.2959976196289,0,99.2959976196289,0.0,0,0.0
gen_DE0_0_coal,DE0_0,5919.8671875,5919.8671875,0,5919.8671875,0.0,0,0.0
gen_DE0_0_geothermal,DE0_0,7.793150901794434,7.793150901794434,0,7.793150901794434,0.0,0,0.0
gen_DE0_1_oil,DE0_1,0.0016504684463143349,0.0016504684463143349,0,0.0016504684463143349,0.0,0,0.0
gen_DE0_1_waste,DE0_1,0.014814358204603195,0.014814358204603195,0,0.014814358204603195,0.0,0,0.0
gen_DE0_10_CCGT,DE0_10,0.003620695322751999,0.003620695322751999,0,0.003620695322751999,0.0,0,0.0
gen_DE0_10_biomass,DE0_10,0.06748024374246597,0.06748024374246597,0,0.06748024374246597,0.0,0,0.0
gen_DE0_10_oil,DE0_10,0.001558308256790042,0.001558308256790042,0,0.001558308256790042,0.0,0,0.0
gen_DE0_10_waste,DE0_10,0.009901449084281921,0.009901449084281921,0,0.009901449084281921,0.0,0,0.0
gen_DE0_11_CCGT,DE0_11,0.004391275346279144,0.004391275346279144,0,0.004391275346279144,0.0,0,0.0
gen_DE0_11_biomass,DE0_11,212.81053161621094,212.81053161621094,0,212.81053161621094,0.0,0,0.0
gen_DE0_11_waste,DE0_11,0.015670087188482285,0.015670087188482285,0,0.015670087188482285,0.0,0,0.0
gen_DE0_12_CCGT,DE0_12,0.0056416853331029415,0.0056416853331029415,0,0.0056416853331029415,0.0,0,0.0
gen_DE0_12_OCGT,DE0_12,0.003230753820389509,0.003230753820389509,0,0.003230753820389509,0.0,0,0.0
gen_DE0_12_lignite,DE0_12,0.2551409900188446,0.2551409900188446,0,0.2551409900188446,0.0,0,0.0
gen_DE0_14_CCGT,DE0_14,0.00593304168432951,0.00593304168432951,0,0.00593304168432951,0.0,0,0.0
gen_DE0_14_biomass,DE0_14,84.35787200927734,84.35787200927734,0,84.35787200927734,0.0,0,0.0
gen_DE0_15_CCGT,DE0_15,0.004879612475633621,0.004879612475633621,0,0.004879612475633621,0.0,0,0.0
gen_DE0_15_OCGT,DE0_15,0.0036033664364367723,0.0036033664364367723,0,0.0036033664364367723,0.0,0,0.0
gen_DE0_15_biomass,DE0_15,57.904335021972656,57.904335021972656,0,57.904335021972656,0.0,0,0.0
gen_DE0_15_coal,DE0_15,1088.1260986328125,1088.1260986328125,0,1088.1260986328125,0.0,0,0.0
gen_DE0_15_waste,DE0_15,0.017261268571019173,0.017261268571019173,0,0.017261268571019173,0.0,0,0.0
gen_DE0_16_CCGT,DE0_16,0.0039587500505149364,0.0039587500505149364,0,0.0039587500505149364,0.0,0,0.0
gen_DE0_18_CCGT,DE0_18,0.0056693581864237785,0.0056693581864237785,0,0.0056693581864237785,0.0,0,0.0
gen_DE0_18_oil,DE0_18,0.001639480353333056,0.001639480353333056,0,0.001639480353333056,0.0,0,0.0
gen_DE0_19_CCGT,DE0_19,0.0047668581828475,0.0047668581828475,0,0.0047668581828475,0.0,0,0.0
gen_DE0_19_biomass,DE0_19,348.1334533691406,348.1334533691406,0,348.1334533691406,0.0,0,0.0
gen_DE0_19_waste,DE0_19,0.013218858279287815,0.013218858279287815,0,0.013218858279287815,0.0,0,0.0
gen_DE0_2_waste,DE0_2,0.015588466078042984,0.015588466078042984,0,0.015588466078042984,0.0,0,0.0
gen_DE0_21_OCGT,DE0_21,0.004061894491314888,0.004061894491314888,0,0.004061894491314888,0.0,0,0.0
gen_DE0_21_biomass,DE0_21,139.2124786376953,139.2124786376953,0,139.2124786376953,0.0,0,0.0
gen_DE0_21_waste,DE0_21,0.041014108806848526,0.041014108806848526,0,0.041014108806848526,0.0,0,0.0
gen_DE0_22_CCGT,DE0_22,0.005670869257301092,0.005670869257301092,0,0.005670869257301092,0.0,0,0.0
gen_DE0_22_OCGT,DE0_22,0.003518725046887994,0.003518725046887994,0,0.003518725046887994,0.0,0,0.0
gen_DE0_22_lignite,DE0_22,2266.624755859375,2266.624755859375,0,2266.624755859375,0.0,0,0.0
gen_DE0_22_oil,DE0_22,0.0016548983985558152,0.0016548983985558152,0,0.0016548983985558152,0.0,0,0.0
gen_DE0_22_waste,DE0_22,0.01570376753807068,0.01570376753807068,0,0.01570376753807068,0.0,0,0.0
gen_DE0_23_OCGT,DE0_23,0.0036635934375226498,0.0036635934375226498,0,0.0036635934375226498,0.0,0,0.0
gen_DE0_23_oil,DE0_23,0.0016867044614627957,0.0016867044614627957,0,0.0016867044614627957,0.0,0,0.0
gen_DE0_24_biomass,DE0_24,541.0104370117188,541.0104370117188,0,541.0104370117188,0.0,0,0.0
gen_DE0_25_CCGT,DE0_25,0.006072310730814934,0.006072310730814934,0,0.006072310730814934,0.0,0,0.0
gen_DE0_25_oil,DE0_25,0.0017140415729954839,0.0017140415729954839,0,0.0017140415729954839,0.0,0,0.0
gen_DE0_25_waste,DE0_25,0.02367401123046875,0.02367401123046875,0,0.02367401123046875,0.0,0,0.0
gen_DE0_26_biomass,DE0_26,306.900390625,306.900390625,0,306.900390625,0.0,0,0.0
gen_DE0_26_geothermal,DE0_26,7.993518352508545,7.993518352508545,0,7.993518352508545,0.0,0,0.0
gen_DE0_26_oil,DE0_26,0.001702082110568881,0.001702082110568881,0,0.001702082110568881,0.0,0,0.0
gen_DE0_27_waste,DE0_27,0.016121547669172287,0.016121547669172287,0,0.016121547669172287,0.0,0,0.0
gen_DE0_28_biomass,DE0_28,148.30711364746094,148.30711364746094,0,148.30711364746094,0.0,0,0.0
gen_DE0_28_waste,DE0_28,0.01558957900851965,0.01558957900851965,0,0.01558957900851965,0.0,0,0.0
gen_DE0_29_CCGT,DE0_29,0.004200557246804237,0.004200557246804237,0,0.004200557246804237,0.0,0,0.0
gen_DE0_29_waste,DE0_29,0.012556511908769608,0.012556511908769608,0,0.012556511908769608,0.0,0,0.0
gen_DE0_3_biomass,DE0_3,271.7095947265625,271.7095947265625,0,271.7095947265625,0.0,0,0.0
gen_DE0_3_oil,DE0_3,0.001731608877889812,0.001731608877889812,0,0.001731608877889812,0.0,0,0.0
gen_DE0_30_biomass,DE0_30,237.66140747070312,237.66140747070312,0,237.66140747070312,0.0,0,0.0
gen_DE0_30_oil,DE0_30,0.00163376540876925,0.00163376540876925,0,0.00163376540876925,0.0,0,0.0
gen_DE0_30_waste,DE0_30,0.013826141133904457,0.013826141133904457,0,0.013826141133904457,0.0,0,0.0
gen_DE0_31_OCGT,DE0_31,0.0034815999679267406,0.0034815999679267406,0,0.0034815999679267406,0.0,0,0.0
gen_DE0_31_biomass,DE0_31,111.65657043457031,111.65657043457031,0,111.65657043457031,0.0,0,0.0
gen_DE0_31_oil,DE0_31,0.0016528117703273892,0.0016528117703273892,0,0.0016528117703273892,0.0,0,0.0
gen_DE0_32_CCGT,DE0_32,0.004982214421033859,0.004982214421033859,0,0.004982214421033859,0.0,0,0.0
gen_DE0_32_biomass,DE0_32,167.8961944580078,167.8961944580078,0,167.8961944580078,0.0,0,0.0
gen_DE0_32_waste,DE0_32,0.01833280548453331,0.01833280548453331,0,0.01833280548453331,0.0,0,0.0
gen_DE0_33_CCGT,DE0_33,0.004076269920915365,0.004076269920915365,0,0.004076269920915365,0.0,0,0.0
gen_DE0_33_biomass,DE0_33,223.2701873779297,223.2701873779297,0,223.2701873779297,0.0,0,0.0
gen_DE0_33_waste,DE0_33,0.014229066669940948,0.014229066669940948,0,0.014229066669940948,0.0,0,0.0
gen_DE0_34_waste,DE0_34,0.013956548646092415,0.013956548646092415,0,0.013956548646092415,0.0,0,0.0
gen_DE0_35_oil,DE0_35,0.0016918302280828357,0.0016918302280828357,0,0.0016918302280828357,0.0,0,0.0
gen_DE0_4_CCGT,DE0_4,0.004982416983693838,0.004982416983693838,0,0.004982416983693838,0.0,0,0.0
gen_DE0_4_OCGT,DE0_4,0.003110583173111081,0.003110583173111081,0,0.003110583173111081,0.0,0,0.0
gen_DE0_4_biomass,DE0_4,134.73670959472656,134.73670959472656,0,134.73670959472656,0.0,0,0.0
gen_DE0_4_lignite,DE0_4,0.06348077207803726,0.06348077207803726,0,0.06348077207803726,0.0,0,0.0
gen_DE0_5_CCGT,DE0_5,0.005443169269710779,0.005443169269710779,0,0.005443169269710779,0.0,0,0.0
gen_DE0_5_biomass,DE0_5,347.4084777832031,347.4084777832031,0,347.4084777832031,0.0,0,0.0
gen_DE0_6_OCGT,DE0_6,0.003571458626538515,0.003571458626538515,0,0.003571458626538515,0.0,0,0.0
gen_DE0_7_biomass,DE0_7,49.99937057495117,49.99937057495117,0,49.99937057495117,0.0,0,0.0
gen_DE0_8_biomass,DE0_8,183.16168212890625,183.16168212890625,0,183.16168212890625,0.0,0,0.0
gen_DE0_8_lignite,DE0_8,1783.1353759765625,1783.1353759765625,0,1783.1353759765625,0.0,0,0.0
gen_DE0_8_waste,DE0_8,0.015523654408752918,0.015523654408752918,0,0.015523654408752918,0.0,0,0.0
gen_DE0_9_OCGT,DE0_9,0.0034258791711181402,0.0034258791711181402,0,0.0034258791711181402,0.0,0,0.0
gen_DE0_9_waste,DE0_9,0.013986554928123951,0.013986554928123951,0,0.013986554928123951,0.0,0,0.0
gen_DK0_0_CCGT,DK0_0,0.005410404875874519,0.005410404875874519,0,0.005410404875874519,0.0,0,0.0
gen_DK0_0_biomass,DK0_0,660.8555297851562,660.8555297851562,0,660.8555297851562,0.0,0,0.0
gen_DK1_0_CCGT,DK1_0,0.0053734867833554745,0.0053734867833554745,0,0.0053734867833554745,0.0,0,0.0
gen_DK1_0_biomass,DK1_0,1119.86083984375,1119.86083984375,0,1119.86083984375,0.0,0,0.0
gen_DK1_0_oil,DK1_0,0.0016186368884518743,0.0016186368884518743,0,0.0016186368884518743,0.0,0,0.0
gen_DK1_0_waste,DK1_0,0.01262256596237421,0.01262256596237421,0,0.01262256596237421,0.0,0,0.0
gen_FR0_1_CCGT,FR0_1,0.0066161020658910275,0.0066161020658910275,0,0.0066161020658910275,0.0,0,0.0
gen_FR0_1_nuclear,FR0_1,3707.053466796875,3707.053466796875,0,3707.053466796875,0.0,0,0.0
gen_FR0_1_oil,FR0_1,0.0017101750709116459,0.0017101750709116459,0,0.0017101750709116459,0.0,0,0.0
gen_FR0_10_biomass,FR0_10,31.015342712402344,31.015342712402344,0,31.015342712402344,0.0,0,0.0
gen_FR0_11_nuclear,FR0_11,4331.92138671875,4331.92138671875,0,4331.92138671875,0.0,0,0.0
gen_FR0_2_waste,FR0_2,0.02134532481431961,0.02134532481431961,0,0.02134532481431961,0.0,0,0.0
gen_FR0_3_CCGT,FR0_3,0.0066003138199448586,0.0066003138199448586,0,0.0066003138199448586,0.0,0,0.0
gen_FR0_3_nuclear,FR0_3,4352.38037109375,4352.38037109375,0,4352.38037109375,0.0,0,0.0
gen_FR0_4_oil,FR0_4,0.001713933888822794,0.001713933888822794,0,0.001713933888822794,0.0,0,0.0
gen_FR0_8_biomass,FR0_8,40.97618865966797,40.97618865966797,0,40.97618865966797,0.0,0,0.0
gen_FR0_8_waste,FR0_8,0.021250495687127113,0.021250495687127113,0,0.021250495687127113,0.0,0,0.0
gen_FR0_9_CCGT,FR0_9,0.006618058308959007,0.006618058308959007,0,0.006618058308959007,0.0,0,0.0
gen_FR0_9_oil,FR0_9,0.0017102360725402832,0.0017102360725402832,0,0.0017102360725402832,0.0,0,0.0
gen_NL0_0_CCGT,NL0_0,0.00476650008931756,0.00476650008931756,0,0.00476650008931756,0.0,0,0.0
gen_NL0_0_nuclear,NL0_0,0.03609156236052513,0.03609156236052513,0,0.03609156236052513,0.0,0,0.0
gen_NL0_0_waste,NL0_0,0.01376999169588089,0.01376999169588089,0,0.01376999169588089,0.0,0,0.0
gen_NL0_1_CCGT,NL0_1,0.003666176460683346,0.003666176460683346,0,0.003666176460683346,0.0,0,0.0
gen_NL0_1_biomass,NL0_1,236.93319702148438,236.93319702148438,0,236.93319702148438,0.0,0,0.0
gen_NL0_1_waste,NL0_1,0.014010644517838955,0.014010644517838955,0,0.014010644517838955,0.0,0,0.0
gen_PL0_0_CCGT,PL0_0,0.0063416496850550175,0.0063416496850550175,0,0.0063416496850550175,0.0,0,0.0
gen_PL0_0_coal,PL0_0,3424.119873046875,3424.119873046875,0,3424.119873046875,0.0,0,0.0
gen_PL0_0_lignite,PL0_0,0.08588428050279617,0.08588428050279617,0,0.08588428050279617,0.0,0,0.0
gen_PL0_1_CCGT,PL0_1,0.006349331233650446,0.006349331233650446,0,0.006349331233650446,0.0,0,0.0
gen_PL0_1_biomass,PL0_1,173.37103271484375,173.37103271484375,0,173.37103271484375,0.0,0,0.0
gen_PL0_1_coal,PL0_1,4211.3134765625,4211.3134765625,0,4211.3134765625,0.0,0,0.0
gen_PL0_1_lignite,PL0_1,0.0893884003162384,0.0893884003162384,0,0.0893884003162384,0.0,0,0.0
gen_PL0_2_coal,PL0_2,0.6780913472175598,0.6780913472175598,0,0.6780913472175598,0.0,0,0.0
gen_AT0_0_0_solar,AT0_0,-0.0,0.0,0,0.0,0.0,0,0.0
gen_BE0_0_0_solar,BE0_0,-0.0,0.0,0,0.0,0.0,0,0.0
gen_BE0_1_0_solar,BE0_1,-0.0,0.0,0,0.0,0.0,0,0.0
gen_CH0_0_0_solar,CH0_0,-0.0,0.0,0,0.0,0.0,0,0.0
gen_CZ0_0_0_solar,CZ0_0,-0.0,0.0,0,0.0,0.0,0,0.0
gen_DE0_0_0_solar,DE0_0,-0.0,0.0,0,0.0,0.0,0,0.0
gen_DE0_1_0_solar,DE0_1,-0.0,0.0,0,0.0,0.0,0,0.0
gen_DE0_10_0_solar,DE0_10,-0.0,0.0,0,0.0,0.0,0,0.0
gen_DE0_11_0_solar,DE0_11,-0.0,0.0,0,0.0,0.0,0,0.0
gen_DE0_12_0_solar,DE0_12,-0.0,0.0,0,0.0,0.0,0,0.0
gen_DE0_13_0_solar,DE0_13,-0.0,0.0,0,0.0,0.0,0,0.0
gen_DE0_14_0_solar,DE0_14,-0.0,0.0,0,0.0,0.0,0,0.0
gen_DE0_15_0_solar,DE0_15,-0.0,0.0,0,0.0,0.0,0,0.0
gen_DE0_16_0_solar,DE0_16,-0.0,0.0,0,0.0,0.0,0,0.0
gen_DE0_17_0_solar,DE0_17,-0.0,0.0,0,0.0,0.0,0,0.0
gen_DE0_18_0_solar,DE0_18,-0.0,0.0,0,0.0,0.0,0,0.0
gen_DE0_19_0_solar,DE0_19,-0.0,0.0,0,0.0,0.0,0,0.0
gen_DE0_2_0_solar,DE0_2,-0.0,0.0,0,0.0,0.0,0,0.0
gen_DE0_20_0_solar,DE0_20,-0.0,0.0,0,0.0,0.0,0,0.0
gen_DE0_21_0_solar,DE0_21,-0.0,0.0,0,0.0,0.0,0,0.0
gen_DE0_22_0_solar,DE0_22,-0.0,0.0,0,0.0,0.0,0,0.0
gen_DE0_23_0_solar,DE0_23,-0.0,0.0,0,0.0,0.0,0,0.0
gen_DE0_24_0_solar,DE0_24,-0.0,0.0,0,0.0,0.0,0,0.0
gen_DE0_25_0_solar,DE0_25,-0.0,0.0,0,0.0,0.0,0,0.0
gen_DE0_26_0_solar,DE0_26,-0.0,0.0,0,0.0,0.0,0,0.0
gen_DE0_27_0_solar,DE0_27,-0.0,0.0,0,0.0,0.0,0,0.0
gen_DE0_28_0_solar,DE0_28,-0.0,0.0,0,0.0,0.0,0,0.0
gen_DE0_29_0_solar,DE0_29,-0.0,0.0,0,0.0,0.0,0,0.0
gen_DE0_3_0_solar,DE0_3,-0.0,0.0,0,0.0,0.0,0,0.0
gen_DE0_30_0_solar,DE0_30,-0.0,0.0,0,0.0,0.0,0,0.0
gen_DE0_31_0_solar,DE0_31,-0.0,0.0,0,0.0,0.0,0,0.0
gen_DE0_32_0_solar,DE0_32,-0.0,0.0,0,0.0,0.0,0,0.0
gen_DE0_33_0_solar,DE0_33,-0.0,0.0,0,0.0,0.0,0,0.0
gen_DE0_34_0_solar,DE0_34,-0.0,0.0,0,0.0,0.0,0,0.0
gen_DE0_35_0_solar,DE0_35,-0.0,0.0,0,0.0,0.0,0,0.0
gen_DE0_4_0_solar,DE0_4,-0.0,0.0,0,0.0,0.0,0,0.0
gen_DE0_5_0_solar,DE0_5,-0.0,0.0,0,0.0,0.0,0,0.0
gen_DE0_6_0_solar,DE0_6,-0.0,0.0,0,0.0,0.0,0,0.0
gen_DE0_7_0_solar,DE0_7,-0.0,0.0,0,0.0,0.0,0,0.0
gen_DE0_8_0_solar,DE0_8,-0.0,0.0,0,0.0,0.0,0,0.0
gen_DE0_9_0_solar,DE0_9,-0.0,0.0,0,0.0,0.0,0,0.0
gen_DK0_0_0_solar,DK0_0,-0.0,0.0,0,0.0,0.0,0,0.0
gen_DK1_0_0_solar,DK1_0,-0.0,0.0,0,0.0,0.0,0,0.0
gen_FR0_0_0_solar,FR0_0,-0.0,0.0,0,0.0,0.0,0,0.0
gen_FR0_1_0_solar,FR0_1,-0.0,0.0,0,0.0,0.0,0,0.0
gen_FR0_10_0_solar,FR0_10,-0.0,0.0,0,0.0,0.0,0,0.0
gen_FR0_11_0_solar,FR0_11,-0.0,0.0,0,0.0,0.0,0,0.0
gen_FR0_2_0_solar,FR0_2,-0.0,0.0,0,0.0,0.0,0,0.0
gen_FR0_3_0_solar,FR0_3,-0.0,0.0,0,0.0,0.0,0,0.0
gen_FR0_4_0_solar,FR0_4,-0.0,0.0,0,0.0,0.0,0,0.0
gen_FR0_5_0_solar,FR0_5,-0.0,0.0,0,0.0,0.0,0,0.0
gen_FR0_6_0_solar,FR0_6,-0.0,0.0,0,0.0,0.0,0,0.0
gen_FR0_7_0_solar,FR0_7,-0.0,0.0,0,0.0,0.0,0,0.0
gen_FR0_8_0_solar,FR0_8,-0.0,0.0,0,0.0,0.0,0,0.0
gen_FR0_9_0_solar,FR0_9,-0.0,0.0,0,0.0,0.0,0,0.0
gen_NL0_0_0_solar,NL0_0,-0.0,0.0,0,0.0,0.0,0,0.0
gen_NL0_1_0_solar,NL0_1,-0.0,0.0,0,0.0,0.0,0,0.0
gen_PL0_0_0_solar,PL0_0,-0.0,0.0,0,0.0,0.0,0,0.0
gen_PL0_1_0_solar,PL0_1,-0.0,0.0,0,0.0,0.0,0,0.0
gen_PL0_2_0_solar,PL0_2,-0.0,0.0,0,0.0,0.0,0,0.0
gen_DE0_29_0_offwind-float,DE0_29,0.0020006170962005854,0.0020006170962005854,0,0.0020006170962005854,0.0,0,0.0
gen_DE0_34_0_offwind-float,DE0_34,0.0008709744433872402,0.0008709744433872402,0,0.0008709744433872402,0.0,0,0.0
gen_DK0_0_0_offwind-float,DK0_0,0.0021210217382758856,0.0021210217382758856,0,0.0021210217382758856,0.0,0,0.0
gen_DK1_0_0_offwind-float,DK1_0,0.0009224240784533322,0.0009224240784533322,0,0.0009224240784533322,0.0,0,0.0
gen_FR0_2_0_offwind-float,FR0_2,0.004249571822583675,0.004249571822583675,0,0.004249571822583675,0.0,0,0.0
gen_FR0_4_0_offwind-float,FR0_4,0.004057069309055805,0.004057069309055805,0,0.004057069309055805,0.0,0,0.0
gen_NL0_0_0_offwind-float,NL0_0,0.0032892199233174324,0.0032892199233174324,0,0.0032892199233174324,0.0,0,0.0
gen_AT0_0_0_onwind,AT0_0,320.734130859375,320.734130859375,0,320.734130859375,0.0,0,0.0
gen_CH0_0_0_onwind,CH0_0,-0.0,0.0,0,0.0,0.0,0,0.0
gen_CZ0_0_0_onwind,CZ0_0,36.709739685058594,36.709739685058594,0,36.709739685058594,0.0,0,0.0
gen_DE0_0_0_onwind,DE0_0,182.86419677734375,182.86419677734375,0,182.86419677734375,0.0,0,0.0
gen_DE0_10_0_onwind,DE0_10,2051.610595703125,2051.610595703125,0,2051.610595703125,0.0,0,0.0
gen_DE0_11_0_onwind,DE0_11,2010.0067138671875,2010.0067138671875,0,2010.0067138671875,0.0,0,0.0
gen_DE0_13_0_onwind,DE0_13,2.456002950668335,2.456002950668335,0,2.456002950668335,0.0,0,0.0
gen_DE0_14_0_onwind,DE0_14,-0.0,0.0,0,0.0,0.0,0,0.0
gen_DE0_15_0_onwind,DE0_15,489.0849609375,489.0849609375,0,489.0849609375,0.0,0,0.0
gen_DE0_19_0_onwind,DE0_19,2583.707763671875,2583.707763671875,0,2583.707763671875,0.0,0,0.0
gen_DE0_20_0_onwind,DE0_20,254.6352081298828,254.6352081298828,0,254.6352081298828,0.0,0,0.0
gen_DE0_23_0_onwind,DE0_23,77.20096588134766,77.20096588134766,0,77.20096588134766,0.0,0,0.0
gen_DE0_25_0_onwind,DE0_25,0.6915439367294312,0.6915439367294312,0,0.6915439367294312,0.0,0,0.0
gen_DE0_28_0_onwind,DE0_28,1072.1807861328125,1072.1807861328125,0,1072.1807861328125,0.0,0,0.0
gen_DE0_34_0_onwind,DE0_34,2289.84130859375,2289.84130859375,0,2289.84130859375,0.0,0,0.0
gen_DE0_35_0_onwind,DE0_35,4.801314353942871,4.801314353942871,0,4.801314353942871,0.0,0,0.0
gen_DE0_8_0_onwind,DE0_8,720.3886108398438,720.3886108398438,0,720.3886108398438,0.0,0,0.0
gen_DE0_9_0_onwind,DE0_9,957.1588745117188,957.1588745117188,0,957.1588745117188,0.0,0,0.0
gen_DK1_0_0_onwind,DK1_0,101.42559814453125,101.42559814453125,0,101.42559814453125,0.0,0,0.0
gen_FR0_1_0_onwind,FR0_1,169.06271362304688,169.06271362304688,0,169.06271362304688,0.0,0,0.0
gen_FR0_11_0_onwind,FR0_11,768.260009765625,768.260009765625,0,768.260009765625,0.0,0,0.0
gen_FR0_3_0_onwind,FR0_3,1399.70703125,1399.70703125,0,1399.70703125,0.0,0,0.0
gen_NL0_0_0_onwind,NL0_0,938.2685546875,938.2685546875,0,938.2685546875,0.0,0,0.0
gen_NL0_1_0_onwind,NL0_1,1315.54248046875,1315.54248046875,0,1315.54248046875,0.0,0,0.0
gen_PL0_0_0_onwind,PL0_0,2049.762939453125,2049.762939453125,0,2049.762939453125,0.0,0,0.0
gen_PL0_1_0_onwind,PL0_1,408.4051513671875,408.4051513671875,0,408.4051513671875,0.0,0,0.0
gen_AT0_0_0_solar-hsat,AT0_0,-0.0,0.0,0,0.0,0.0,0,0.0
gen_BE0_0_0_solar-hsat,BE0_0,-0.0,0.0,0,0.0,0.0,0,0.0
gen_BE0_1_0_solar-hsat,BE0_1,-0.0,0.0,0,0.0,0.0,0,0.0
gen_CH0_0_0_solar-hsat,CH0_0,-0.0,0.0,0,0.0,0.0,0,0.0
gen_CZ0_0_0_solar-hsat,CZ0_0,-0.0,0.0,0,0.0,0.0,0,0.0
gen_DE0_0_0_solar-hsat,DE0_0,-0.0,0.0,0,0.0,0.0,0,0.0
gen_DE0_1_0_solar-hsat,DE0_1,-0.0,0.0,0,0.0,0.0,0,0.0
gen_DE0_10_0_solar-hsat,DE0_10,-0.0,0.0,0,0.0,0.0,0,0.0
gen_DE0_11_0_solar-hsat,DE0_11,-0.0,0.0,0,0.0,0.0,0,0.0
gen_DE0_12_0_solar-hsat,DE0_12,-0.0,0.0,0,0.0,0.0,0,0.0
gen_DE0_13_0_solar-hsat,DE0_13,-0.0,0.0,0,0.0,0.0,0,0.0
gen_DE0_14_0_solar-hsat,DE0_14,-0.0,0.0,0,0.0,0.0,0,0.0
gen_DE0_15_0_solar-hsat,DE0_15,-0.0,0.0,0,0.0,0.0,0,0.0
gen_DE0_16_0_solar-hsat,DE0_16,-0.0,0.0,0,0.0,0.0,0,0.0
gen_DE0_17_0_solar-hsat,DE0_17,-0.0,0.0,0,0.0,0.0,0,0.0
gen_DE0_18_0_solar-hsat,DE0_18,-0.0,0.0,0,0.0,0.0,0,0.0
gen_DE0_19_0_solar-hsat,DE0_19,-0.0,0.0,0,0.0,0.0,0,0.0
gen_DE0_2_0_solar-hsat,DE0_2,-0.0,0.0,0,0.0,0.0,0,0.0
gen_DE0_20_0_solar-hsat,DE0_20,-0.0,0.0,0,0.0,0.0,0,0.0
gen_DE0_21_0_solar-hsat,DE0_21,-0.0,0.0,0,0.0,0.0,0,0.0
gen_DE0_22_0_solar-hsat,DE0_22,-0.0,0.0,0,0.0,0.0,0,0.0
gen_DE0_23_0_solar-hsat,DE0_23,-0.0,0.0,0,0.0,0.0,0,0.0
gen_DE0_24_0_solar-hsat,DE0_24,-0.0,0.0,0,0.0,0.0,0,0.0
gen_DE0_25_0_solar-hsat,DE0_25,-0.0,0.0,0,0.0,0.0,0,0.0
gen_DE0_26_0_solar-hsat,DE0_26,-0.0,0.0,0,0.0,0.0,0,0.0
gen_DE0_27_0_solar-hsat,DE0_27,-0.0,0.0,0,0.0,0.0,0,0.0
gen_DE0_28_0_solar-hsat,DE0_28,-0.0,0.0,0,0.0,0.0,0,0.0
gen_DE0_29_0_solar-hsat,DE0_29,-0.0,0.0,0,0.0,0.0,0,0.0
gen_DE0_3_0_solar-hsat,DE0_3,-0.0,0.0,0,0.0,0.0,0,0.0
gen_DE0_30_0_solar-hsat,DE0_30,-0.0,0.0,0,0.0,0.0,0,0.0
gen_DE0_31_0_solar-hsat,DE0_31,-0.0,0.0,0,0.0,0.0,0,0.0
gen_DE0_32_0_solar-hsat,DE0_32,-0.0,0.0,0,0.0,0.0,0,0.0
gen_DE0_33_0_solar-hsat,DE0_33,-0.0,0.0,0,0.0,0.0,0,0.0
gen_DE0_34_0_solar-hsat,DE0_34,-0.0,0.0,0,0.0,0.0,0,0.0
gen_DE0_35_0_solar-hsat,DE0_35,-0.0,0.0,0,0.0,0.0,0,0.0
gen_DE0_4_0_solar-hsat,DE0_4,-0.0,0.0,0,0.0,0.0,0,0.0
gen_DE0_5_0_solar-hsat,DE0_5,-0.0,0.0,0,0.0,0.0,0,0.0
gen_DE0_6_0_solar-hsat,DE0_6,-0.0,0.0,0,0.0,0.0,0,0.0
gen_DE0_7_0_solar-hsat,DE0_7,-0.0,0.0,0,0.0,0.0,0,0.0
gen_DE0_8_0_solar-hsat,DE0_8,-0.0,0.0,0,0.0,0.0,0,0.0
gen_DE0_9_0_solar-hsat,DE0_9,-0.0,0.0,0,0.0,0.0,0,0.0
gen_DK0_0_0_solar-hsat,DK0_0,-0.0,0.0,0,0.0,0.0,0,0.0
gen_DK1_0_0_solar-hsat,DK1_0,-0.0,0.0,0,0.0,0.0,0,0.0
gen_FR0_0_0_solar-hsat,FR0_0,-0.0,0.0,0,0.0,0.0,0,0.0
gen_FR0_1_0_solar-hsat,FR0_1,-0.0,0.0,0,0.0,0.0,0,0.0
gen_FR0_10_0_solar-hsat,FR0_10,-0.0,0.0,0,0.0,0.0,0,0.0
gen_FR0_11_0_solar-hsat,FR0_11,-0.0,0.0,0,0.0,0.0,0,0.0
gen_FR0_2_0_solar-hsat,FR0_2,-0.0,0.0,0,0.0,0.0,0,0.0
gen_FR0_3_0_solar-hsat,FR0_3,-0.0,0.0,0,0.0,0.0,0,0.0
gen_FR0_4_0_solar-hsat,FR0_4,-0.0,0.0,0,0.0,0.0,0,0.0
gen_FR0_5_0_solar-hsat,FR0_5,-0.0,0.0,0,0.0,0.0,0,0.0
gen_FR0_6_0_solar-hsat,FR0_6,-0.0,0.0,0,0.0,0.0,0,0.0
gen_FR0_7_0_solar-hsat,FR0_7,-0.0,0.0,0,0.0,0.0,0,0.0
gen_FR0_8_0_solar-hsat,FR0_8,-0.0,0.0,0,0.0,0.0,0,0.0
gen_FR0_9_0_solar-hsat,FR0_9,-0.0,0.0,0,0.0,0.0,0,0.0
gen_NL0_0_0_solar-hsat,NL0_0,-0.0,0.0,0,0.0,0.0,0,0.0
gen_NL0_1_0_solar-hsat,NL0_1,-0.0,0.0,0,0.0,0.0,0,0.0
gen_PL0_0_0_solar-hsat,PL0_0,-0.0,0.0,0,0.0,0.0,0,0.0
gen_PL0_1_0_solar-hsat,PL0_1,-0.0,0.0,0,0.0,0.0,0,0.0
gen_PL0_2_0_solar-hsat,PL0_2,-0.0,0.0,0,0.0,0.0,0,0.0
gen_BE0_1_0_offwind-dc,BE0_1,766.8363647460938,766.8363647460938,0,766.8363647460938,0.0,0,0.0
gen_DE0_29_0_offwind-dc,DE0_29,239.27149963378906,239.27149963378906,0,239.27149963378906,0.0,0,0.0
gen_DE0_34_0_offwind-dc,DE0_34,161.66433715820312,161.66433715820312,0,161.66433715820312,0.0,0,0.0
gen_DK1_0_0_offwind-dc,DK1_0,349.48675537109375,349.48675537109375,0,349.48675537109375,0.0,0,0.0
gen_FR0_4_0_offwind-dc,FR0_4,0.24802982807159424,0.24802982807159424,0,0.24802982807159424,0.0,0,0.0
gen_FR0_7_0_offwind-dc,FR0_7,0.2632778584957123,0.2632778584957123,0,0.2632778584957123,0.0,0,0.0
gen_FR0_9_0_offwind-dc,FR0_9,3541.162353515625,3541.162353515625,0,3541.162353515625,0.0,0,0.0
gen_NL0_0_0_offwind-dc,NL0_0,1856.4373779296875,1856.4373779296875,0,1856.4373779296875,0.0,0,0.0
gen_BE0_1_0_offwind-ac,BE0_1,2437.06640625,2437.06640625,0,2437.06640625,0.0,0,0.0
gen_DE0_10_0_offwind-ac,DE0_10,8276.501953125,8276.501953125,0,8276.501953125,0.0,0,0.0
gen_DE0_16_0_offwind-ac,DE0_16,0.004496820271015167,0.004496820271015167,0,0.004496820271015167,0.0,0,0.0
gen_DE0_34_0_offwind-ac,DE0_34,831.0313720703125,831.0313720703125,0,831.0313720703125,0.0,0,0.0
gen_DK0_0_0_offwind-ac,DK0_0,602.9982299804688,602.9982299804688,0,602.9982299804688,0.0,0,0.0
gen_DK1_0_0_offwind-ac,DK1_0,615.8499755859375,615.8499755859375,0,615.8499755859375,0.0,0,0.0
gen_FR0_0_0_offwind-ac,FR0_0,0.007953692227602005,0.007953692227602005,0,0.007953692227602005,0.0,0,0.0
gen_NL0_0_0_offwind-ac,NL0_0,5232.4423828125,5232.4423828125,0,5232.4423828125,0.0,0,0.0
gen_NL0_1_0_offwind-ac,NL0_1,1037.92431640625,1037.92431640625,0,1037.92431640625,0.0,0,0.0
gen_AT0_0_ror,AT0_0,956.2802734375,956.2802734375,0,956.2802734375,0.0,0,0.0
gen_BE0_0_ror,BE0_0,29.329296112060547,29.329296112060547,0,29.329296112060547,0.0,0,0.0
gen_CH0_0_ror,CH0_0,846.0845947265625,846.0845947265625,0,846.0845947265625,0.0,0,0.0
gen_DE0_0_ror,DE0_0,17.101228713989258,17.101228713989258,0,17.101228713989258,0.0,0,0.0
gen_DE0_1_ror,DE0_1,5.024457931518555,5.024457931518555,0,5.024457931518555,0.0,0,0.0
gen_DE0_11_ror,DE0_11,11.288817405700684,11.288817405700684,0,11.288817405700684,0.0,0,0.0
gen_DE0_12_ror,DE0_12,8.631128311157227,8.631128311157227,0,8.631128311157227,0.0,0,0.0
gen_DE0_15_ror,DE0_15,44.52777099609375,44.52777099609375,0,44.52777099609375,0.0,0,0.0
gen_DE0_17_ror,DE0_17,32.605323791503906,32.605323791503906,0,32.605323791503906,0.0,0,0.0
gen_DE0_19_ror,DE0_19,1.013659954071045,1.013659954071045,0,1.013659954071045,0.0,0,0.0
gen_DE0_2_ror,DE0_2,0.27796995639801025,0.27796995639801025,0,0.27796995639801025,0.0,0,0.0
gen_DE0_22_ror,DE0_22,14.269697189331055,14.269697189331055,0,14.269697189331055,0.0,0,0.0
gen_DE0_25_ror,DE0_25,407.8538818359375,407.8538818359375,0,407.8538818359375,0.0,0,0.0
gen_DE0_26_ror,DE0_26,208.44593811035156,208.44593811035156,0,208.44593811035156,0.0,0,0.0
gen_DE0_29_ror,DE0_29,1.0312188863754272,1.0312188863754272,0,1.0312188863754272,0.0,0,0.0
gen_DE0_3_ror,DE0_3,278.6138916015625,278.6138916015625,0,278.6138916015625,0.0,0,0.0
gen_DE0_30_ror,DE0_30,2.8165664672851562,2.8165664672851562,0,2.8165664672851562,0.0,0,0.0
gen_DE0_32_ror,DE0_32,47.29900360107422,47.29900360107422,0,47.29900360107422,0.0,0,0.0
gen_DE0_4_ror,DE0_4,4.275511264801025,4.275511264801025,0,4.275511264801025,0.0,0,0.0
gen_DE0_6_ror,DE0_6,19.226612091064453,19.226612091064453,0,19.226612091064453,0.0,0,0.0
gen_DE0_7_ror,DE0_7,7.320998668670654,7.320998668670654,0,7.320998668670654,0.0,0,0.0
gen_PL0_1_ror,PL0_1,2.4136719703674316,2.4136719703674316,0,2.4136719703674316,0.0,0,0.0
gen_PL0_2_ror,PL0_2,79.18782806396484,79.18782806396484,0,79.18782806396484,0.0,0,0.0
gen_hvdc_recv_relation_2505320-400-DC_bu,DE0_16,599.92236328125,599.92236328125,0,599.92236328125,0.0,0,0.0
gen_hvdc_recv_relation_5487095-400-DC_bu,DK1_0,323.7676086425781,323.7676086425781,0,323.7676086425781,0.0,0,0.0
gen_hvdc_recv_relation_8185420-320-DC_bu,NL0_1,699.870849609375,699.870849609375,0,699.870849609375,0.0,0,0.0
gen_hvdc_recv_TYNDP2020_2_NEP_DC4_bus1,DE0_17,0.03832002356648445,0.03832002356648445,0,0.03832002356648445,0.0,0,0.0
gen_hvdc_recv_TYNDP2020_10_bus1,DE0_0,0.0342593714594841,0.0342593714594841,0,0.0342593714594841,0.0,0,0.0
gen_hvdc_recv_TYNDP2020_22_bus1,DE0_3,0.031854648143053055,0.031854648143053055,0,0.031854648143053055,0.0,0,0.0
gen_hvdc_recv_TYNDP2020_23_NEP_DC1_bus1,DE0_9,0.05942818894982338,0.05942818894982338,0,0.05942818894982338,0.0,0,0.0
gen_hvdc_recv_DC20_bus1,DE0_26,0.026243505999445915,0.026243505999445915,0,0.026243505999445915,0.0,0,0.0
gen_hvdc_qcap_BE0_0,BE0_0,0.0,0.0,0,0.0,0.0,0,0.0
gen_hvdc_qcap_DE0_0,DE0_0,0.0,0.0,0,0.0,0.0,0,0.0
gen_hvdc_qcap_DE0_10,DE0_10,0.0,0.0,0,0.0,0.0,0,0.0
gen_hvdc_qcap_DE0_12,DE0_12,0.0,0.0,0,0.0,0.0,0,0.0
gen_hvdc_qcap_DE0_16,DE0_16,0.0,0.0,0,0.0,0.0,0,0.0
gen_hvdc_qcap_DE0_17,DE0_17,0.0,0.0,0,0.0,0.0,0,0.0
gen_hvdc_qcap_DE0_26,DE0_26,0.0,0.0,0,0.0,0.0,0,0.0
gen_hvdc_qcap_DE0_29,DE0_29,0.0,0.0,0,0.0,0.0,0,0.0
gen_hvdc_qcap_DE0_3,DE0_3,0.0,0.0,0,0.0,0.0,0,0.0
gen_hvdc_qcap_DE0_32,DE0_32,0.0,0.0,0,0.0,0.0,0,0.0
gen_hvdc_qcap_DE0_4,DE0_4,0.0,0.0,0,0.0,0.0,0,0.0
gen_hvdc_qcap_DE0_9,DE0_9,0.0,0.0,0,0.0,0.0,0,0.0
gen_hvdc_qcap_DK0_0,DK0_0,0.0,0.0,0,0.0,0.0,0,0.0
gen_hvdc_qcap_FR0_6,FR0_6,0.0,0.0,0,0.0,0.0,0,0.0
gen_hvdc_qcap_NL0_1,NL0_1,0.0,0.0,0,0.0,0.0,0,0.0
